Date,Article_ID,Country_Code,Sold_Units
20170817,1132,AT,1
20170818,1132,AT,1
20170821,1132,AT,1
20170822,1132,AT,1
20170906,1132,AT,1
20170920,1132,AT,1
20170921,1132,AT,1
20170922,1132,AT,1
20170923,1132,AT,1
20170924,1132,AT,5
20170927,1132,AT,2
20170930,1132,AT,1
20171009,1132,AT,1
20171011,1132,AT,1
20171012,1132,AT,1
20171015,1132,AT,2
20171016,1132,AT,3
20171018,1132,AT,1
20171019,1132,AT,1
20171021,1132,AT,1
20171024,1132,AT,1
20171026,1132,AT,3
20171028,1132,AT,2
20171030,1132,AT,1
20171103,1132,AT,2
20171104,1132,AT,1
20171106,1132,AT,2
20171107,1132,AT,3
20171108,1132,AT,1
20171109,1132,AT,2
20171110,1132,AT,3
20171113,1132,AT,3
20171115,1132,AT,2
20171119,1132,AT,1
20171120,1132,AT,2
20171121,1132,AT,1
20171123,1132,AT,1
20171124,1132,AT,1
20171125,1132,AT,1
20171126,1132,AT,1
20171127,1132,AT,2
20171201,1132,AT,1
20171202,1132,AT,1
20171203,1132,AT,2
20171204,1132,AT,1
20171208,1132,AT,1
20171210,1132,AT,1
20171212,1132,AT,1
20171213,1132,AT,3
20171214,1132,AT,1
20171215,1132,AT,2
20171216,1132,AT,1
20171217,1132,AT,1
20171219,1132,AT,2
20171220,1132,AT,2
20171222,1132,AT,1
20171227,1132,AT,1
20171228,1132,AT,1
20171229,1132,AT,1
20171230,1132,AT,1
20180102,1132,AT,1
20180103,1132,AT,2
20180106,1132,AT,2
20180109,1132,AT,1
20180110,1132,AT,2
20180114,1132,AT,4
20180115,1132,AT,2
20180117,1132,AT,1
20180118,1132,AT,3
20180119,1132,AT,1
20180125,1132,AT,3
20180126,1132,AT,1
20180127,1132,AT,1
20180128,1132,AT,3
20180130,1132,AT,1
20180203,1132,AT,1
20180204,1132,AT,2
20180206,1132,AT,1
20180208,1132,AT,2
20180211,1132,AT,3
20180214,1132,AT,1
20180217,1132,AT,4
20180218,1132,AT,2
20180220,1132,AT,2
20180221,1132,AT,1
20180222,1132,AT,2
20180224,1132,AT,2
20180225,1132,AT,1
20180226,1132,AT,1
20180228,1132,AT,1
20180301,1132,AT,1
20180302,1132,AT,4
20180303,1132,AT,2
20180305,1132,AT,2
20180315,1132,AT,2
20180318,1132,AT,2
20180320,1132,AT,3
20180321,1132,AT,1
20180324,1132,AT,1
20180325,1132,AT,2
20180327,1132,AT,1
20180330,1132,AT,1
20180401,1132,AT,1
20180402,1132,AT,2
20180404,1132,AT,1
20180405,1132,AT,3
20180407,1132,AT,1
20180410,1132,AT,1
20180411,1132,AT,3
20180413,1132,AT,1
20180414,1132,AT,1
20180415,1132,AT,7
20180416,1132,AT,5
20180418,1132,AT,2
20180419,1132,AT,10
20180420,1132,AT,3
20180422,1132,AT,1
20180423,1132,AT,3
20180425,1132,AT,1
20180427,1132,AT,2
20180502,1132,AT,4
20180504,1132,AT,1
20180505,1132,AT,2
20180506,1132,AT,1
20180507,1132,AT,1
20180510,1132,AT,2
20180511,1132,AT,4
20180515,1132,AT,2
20180517,1132,AT,3
20180518,1132,AT,2
20180520,1132,AT,1
20180521,1132,AT,2
20180523,1132,AT,2
20180524,1132,AT,1
20180525,1132,AT,2
20180601,1132,AT,3
20180604,1132,AT,3
20180608,1132,AT,1
20180612,1132,AT,2
20180614,1132,AT,1
20180617,1132,AT,1
20180620,1132,AT,1
20180622,1132,AT,2
20180623,1132,AT,1
20180706,1132,AT,1
20180714,1132,AT,5
20180719,1132,AT,1
20180724,1132,AT,3
20180725,1132,AT,1
20180729,1132,AT,1
20180802,1132,AT,1
20180803,1132,AT,3
20180805,1132,AT,2
20180807,1132,AT,1
20180812,1132,AT,1
20180813,1132,AT,1
20180814,1132,AT,1
20180825,1132,AT,1
20180830,1132,AT,3
20180904,1132,AT,2
20180907,1132,AT,1
20180909,1132,AT,1
20180914,1132,AT,1
20180921,1132,AT,1
20180922,1132,AT,2
20180923,1132,AT,1
20180924,1132,AT,1
20180926,1132,AT,2
20181004,1132,AT,1
20181007,1132,AT,2
20181008,1132,AT,1
20181010,1132,AT,1
20181012,1132,AT,1
20181014,1132,AT,1
20181015,1132,AT,1
20181019,1132,AT,1
20181022,1132,AT,1
20181023,1132,AT,1
20181024,1132,AT,2
20181025,1132,AT,3
20181026,1132,AT,3
20181027,1132,AT,1
20181028,1132,AT,1
20181030,1132,AT,4
20181031,1132,AT,1
20181102,1132,AT,1
20181105,1132,AT,2
20181106,1132,AT,1
20181107,1132,AT,4
20181108,1132,AT,5
20181109,1132,AT,3
20181110,1132,AT,5
20181111,1132,AT,5
20181113,1132,AT,4
20181114,1132,AT,3
20181115,1132,AT,2
20181116,1132,AT,2
20181117,1132,AT,1
20181118,1132,AT,4
20181119,1132,AT,2
20181120,1132,AT,1
20181121,1132,AT,2
20181122,1132,AT,2
20181123,1132,AT,7
20181129,1132,AT,1
20181204,1132,AT,1
20181209,1132,AT,1
20181210,1132,AT,2
20181212,1132,AT,3
20181214,1132,AT,1
20181216,1132,AT,1
20181217,1132,AT,1
20181218,1132,AT,1
20181220,1132,AT,1
20181221,1132,AT,1
20181222,1132,AT,2
20181223,1132,AT,1
20181226,1132,AT,2
20181227,1132,AT,1
20181228,1132,AT,1
20181229,1132,AT,1
20181230,1132,AT,2
20181231,1132,AT,1
20190109,1132,AT,3
20190111,1132,AT,1
20190112,1132,AT,3
20190113,1132,AT,1
20190119,1132,AT,2
20190121,1132,AT,1
20190122,1132,AT,2
20190123,1132,AT,1
20190124,1132,AT,1
20190125,1132,AT,1
20190126,1132,AT,1
20190127,1132,AT,2
20190129,1132,AT,1
20190203,1132,AT,1
20190204,1132,AT,1
20190206,1132,AT,1
20190207,1132,AT,2
20190208,1132,AT,1
20190210,1132,AT,5
20190211,1132,AT,2
20190212,1132,AT,3
20190213,1132,AT,2
20170217,3417,AT,1
20170223,3417,AT,1
20170226,3417,AT,1
20170303,3417,AT,2
20170304,3417,AT,1
20170305,3417,AT,1
20170312,3417,AT,1
20170313,3417,AT,2
20170316,3417,AT,2
20170318,3417,AT,1
20170319,3417,AT,1
20170320,3417,AT,1
20170321,3417,AT,2
20170325,3417,AT,2
20170326,3417,AT,2
20170328,3417,AT,1
20170330,3417,AT,1
20170401,3417,AT,3
20170402,3417,AT,1
20170403,3417,AT,5
20170404,3417,AT,4
20170407,3417,AT,1
20170408,3417,AT,2
20170409,3417,AT,1
20170410,3417,AT,4
20170411,3417,AT,6
20170412,3417,AT,2
20170413,3417,AT,1
20170414,3417,AT,1
20170416,3417,AT,2
20170417,3417,AT,2
20170419,3417,AT,2
20170420,3417,AT,1
20170421,3417,AT,1
20170422,3417,AT,3
20170423,3417,AT,3
20170424,3417,AT,1
20170430,3417,AT,1
20170501,3417,AT,2
20170502,3417,AT,1
20170503,3417,AT,1
20170504,3417,AT,2
20170506,3417,AT,2
20170507,3417,AT,1
20170508,3417,AT,3
20170509,3417,AT,2
20170510,3417,AT,1
20170511,3417,AT,1
20170513,3417,AT,1
20170514,3417,AT,2
20170515,3417,AT,1
20170517,3417,AT,4
20170518,3417,AT,3
20170520,3417,AT,3
20170521,3417,AT,4
20170523,3417,AT,3
20170524,3417,AT,1
20170526,3417,AT,2
20170527,3417,AT,2
20170528,3417,AT,1
20170530,3417,AT,1
20170601,3417,AT,2
20170603,3417,AT,3
20170605,3417,AT,1
20170607,3417,AT,1
20170612,3417,AT,1
20170613,3417,AT,1
20170616,3417,AT,1
20170618,3417,AT,2
20170619,3417,AT,2
20170620,3417,AT,1
20170621,3417,AT,1
20170630,3417,AT,2
20170704,3417,AT,1
20170707,3417,AT,3
20170708,3417,AT,1
20170709,3417,AT,3
20170712,3417,AT,1
20170714,3417,AT,2
20170719,3417,AT,1
20170720,3417,AT,1
20170721,3417,AT,1
20170729,3417,AT,1
20170731,3417,AT,1
20170803,3417,AT,2
20170805,3417,AT,1
20170808,3417,AT,1
20170809,3417,AT,1
20170810,3417,AT,1
20170812,3417,AT,1
20170815,3417,AT,1
20170816,3417,AT,2
20170819,3417,AT,3
20170820,3417,AT,1
20170821,3417,AT,3
20170822,3417,AT,3
20170823,3417,AT,2
20170824,3417,AT,3
20170826,3417,AT,2
20170828,3417,AT,1
20170829,3417,AT,1
20170901,3417,AT,1
20170902,3417,AT,1
20170904,3417,AT,2
20170906,3417,AT,1
20170911,3417,AT,2
20170915,3417,AT,1
20170916,3417,AT,1
20170917,3417,AT,1
20170920,3417,AT,2
20170923,3417,AT,1
20170924,3417,AT,4
20170929,3417,AT,4
20171001,3417,AT,3
20171002,3417,AT,2
20171003,3417,AT,3
20171004,3417,AT,1
20171010,3417,AT,1
20171011,3417,AT,1
20171012,3417,AT,1
20171013,3417,AT,4
20171016,3417,AT,2
20171017,3417,AT,3
20171018,3417,AT,2
20171019,3417,AT,1
20171022,3417,AT,1
20171023,3417,AT,2
20171024,3417,AT,1
20171025,3417,AT,1
20171027,3417,AT,4
20171028,3417,AT,2
20171029,3417,AT,2
20171031,3417,AT,1
20171101,3417,AT,1
20171104,3417,AT,2
20171109,3417,AT,1
20171111,3417,AT,2
20171112,3417,AT,1
20171113,3417,AT,2
20171114,3417,AT,1
20171115,3417,AT,3
20171119,3417,AT,1
20171120,3417,AT,2
20171121,3417,AT,4
20171122,3417,AT,1
20171123,3417,AT,1
20171124,3417,AT,1
20171201,3417,AT,1
20171202,3417,AT,1
20171206,3417,AT,3
20171211,3417,AT,2
20171212,3417,AT,1
20171213,3417,AT,2
20171222,3417,AT,2
20171225,3417,AT,1
20171229,3417,AT,1
20180105,3417,AT,1
20180116,3417,AT,1
20180117,3417,AT,1
20180120,3417,AT,1
20180121,3417,AT,2
20180123,3417,AT,1
20180125,3417,AT,1
20180129,3417,AT,1
20180206,3417,AT,1
20180209,3417,AT,1
20180211,3417,AT,1
20180226,3417,AT,1
20180228,3417,AT,2
20180302,3417,AT,1
20180304,3417,AT,1
20180305,3417,AT,1
20180306,3417,AT,2
20180312,3417,AT,3
20180315,3417,AT,1
20180316,3417,AT,1
20180401,3417,AT,1
20180402,3417,AT,2
20180403,3417,AT,1
20180404,3417,AT,1
20180405,3417,AT,2
20180406,3417,AT,1
20180408,3417,AT,2
20180410,3417,AT,1
20180422,3417,AT,1
20180424,3417,AT,1
20180425,3417,AT,2
20180427,3417,AT,2
20180428,3417,AT,1
20180429,3417,AT,3
20180503,3417,AT,2
20180506,3417,AT,1
20180507,3417,AT,1
20180514,3417,AT,1
20180515,3417,AT,2
20180518,3417,AT,1
20180530,3417,AT,1
20180617,3417,AT,1
20180618,3417,AT,2
20180619,3417,AT,2
20180621,3417,AT,1
20180704,3417,AT,1
20180705,3417,AT,1
20180711,3417,AT,2
20180713,3417,AT,1
20180714,3417,AT,2
20180718,3417,AT,1
20180719,3417,AT,2
20180723,3417,AT,1
20180725,3417,AT,1
20180820,3417,AT,1
20180828,3417,AT,1
20180905,3417,AT,2
20180912,3417,AT,1
20180916,3417,AT,1
20180919,3417,AT,1
20180926,3417,AT,1
20181002,3417,AT,1
20181003,3417,AT,3
20181005,3417,AT,1
20181007,3417,AT,1
20181008,3417,AT,1
20181010,3417,AT,2
20181012,3417,AT,1
20181014,3417,AT,1
20181015,3417,AT,2
20181018,3417,AT,2
20181021,3417,AT,1
20181023,3417,AT,3
20181024,3417,AT,1
20181025,3417,AT,1
20181026,3417,AT,2
20181027,3417,AT,2
20181028,3417,AT,2
20181030,3417,AT,1
20181031,3417,AT,2
20181104,3417,AT,1
20181106,3417,AT,2
20181108,3417,AT,2
20181109,3417,AT,1
20181110,3417,AT,2
20181111,3417,AT,1
20181117,3417,AT,2
20181123,3417,AT,1
20181204,3417,AT,2
20181205,3417,AT,2
20181207,3417,AT,1
20181209,3417,AT,1
20181211,3417,AT,1
20181212,3417,AT,1
20181217,3417,AT,1
20190107,3417,AT,1
20190108,3417,AT,1
20190110,3417,AT,1
20190113,3417,AT,1
20190117,3417,AT,1
20190118,3417,AT,3
20190119,3417,AT,2
20190120,3417,AT,1
20190121,3417,AT,1
20190127,3417,AT,8
20190128,3417,AT,2
20190129,3417,AT,3
20190130,3417,AT,1
20190131,3417,AT,1
20190202,3417,AT,1
20190203,3417,AT,5
20190204,3417,AT,1
20190205,3417,AT,7
20190206,3417,AT,3
20190208,3417,AT,2
20190209,3417,AT,2
20190210,3417,AT,2
20190211,3417,AT,2
20190213,3417,AT,3
20170101,3576,AT,1
20170103,3576,AT,1
20170109,3576,AT,1
20170117,3576,AT,1
20170118,3576,AT,1
20170121,3576,AT,1
20170122,3576,AT,1
20170204,3576,AT,1
20170208,3576,AT,1
20170219,3576,AT,1
20170223,3576,AT,1
20170228,3576,AT,1
20170306,3576,AT,1
20170320,3576,AT,1
20170321,3576,AT,1
20170322,3576,AT,1
20170325,3576,AT,1
20170327,3576,AT,1
20170328,3576,AT,1
20170329,3576,AT,2
20170330,3576,AT,1
20170406,3576,AT,2
20170417,3576,AT,2
20170418,3576,AT,1
20170419,3576,AT,1
20170423,3576,AT,1
20170424,3576,AT,1
20170430,3576,AT,1
20170503,3576,AT,1
20170507,3576,AT,2
20170510,3576,AT,1
20170515,3576,AT,1
20170523,3576,AT,1
20170525,3576,AT,1
20170528,3576,AT,1
20170531,3576,AT,1
20170622,3576,AT,1
20170625,3576,AT,1
20170628,3576,AT,3
20170703,3576,AT,1
20170704,3576,AT,4
20170711,3576,AT,1
20170726,3576,AT,1
20170727,3576,AT,1
20170728,3576,AT,2
20170731,3576,AT,1
20170804,3576,AT,2
20170806,3576,AT,2
20170813,3576,AT,1
20170816,3576,AT,1
20170821,3576,AT,1
20170823,3576,AT,3
20170828,3576,AT,4
20170902,3576,AT,1
20170905,3576,AT,3
20170906,3576,AT,2
20170908,3576,AT,1
20170909,3576,AT,2
20170910,3576,AT,1
20170912,3576,AT,1
20170913,3576,AT,2
20170914,3576,AT,1
20170915,3576,AT,1
20170916,3576,AT,2
20170917,3576,AT,8
20170918,3576,AT,2
20170919,3576,AT,2
20170920,3576,AT,3
20170921,3576,AT,4
20170922,3576,AT,1
20170924,3576,AT,2
20170926,3576,AT,1
20170927,3576,AT,1
20170929,3576,AT,3
20171001,3576,AT,2
20171003,3576,AT,2
20171006,3576,AT,1
20171009,3576,AT,1
20171010,3576,AT,1
20171012,3576,AT,1
20171013,3576,AT,1
20171019,3576,AT,1
20171022,3576,AT,1
20171023,3576,AT,1
20171028,3576,AT,2
20171030,3576,AT,2
20171101,3576,AT,1
20171109,3576,AT,1
20171110,3576,AT,1
20171117,3576,AT,1
20171129,3576,AT,1
20171130,3576,AT,1
20171202,3576,AT,2
20171203,3576,AT,13
20171204,3576,AT,1
20171205,3576,AT,1
20171206,3576,AT,1
20171207,3576,AT,1
20171209,3576,AT,1
20171210,3576,AT,2
20171211,3576,AT,2
20171215,3576,AT,2
20171216,3576,AT,1
20171218,3576,AT,1
20171219,3576,AT,3
20171220,3576,AT,1
20171226,3576,AT,1
20171230,3576,AT,1
20180101,3576,AT,2
20180102,3576,AT,2
20180103,3576,AT,1
20180107,3576,AT,1
20180108,3576,AT,2
20180109,3576,AT,2
20180113,3576,AT,1
20180114,3576,AT,1
20180117,3576,AT,1
20180120,3576,AT,2
20180126,3576,AT,1
20180130,3576,AT,2
20180131,3576,AT,2
20180201,3576,AT,2
20180204,3576,AT,1
20180213,3576,AT,1
20180216,3576,AT,1
20180219,3576,AT,2
20180222,3576,AT,1
20180226,3576,AT,1
20180227,3576,AT,1
20180228,3576,AT,1
20180302,3576,AT,6
20180303,3576,AT,1
20180304,3576,AT,1
20180305,3576,AT,1
20180309,3576,AT,2
20180314,3576,AT,1
20180315,3576,AT,1
20180319,3576,AT,1
20180327,3576,AT,1
20180331,3576,AT,1
20180406,3576,AT,1
20180413,3576,AT,1
20180506,3576,AT,1
20180622,3576,AT,1
20180627,3576,AT,2
20180702,3576,AT,1
20180708,3576,AT,2
20180713,3576,AT,2
20180719,3576,AT,2
20180722,3576,AT,2
20180724,3576,AT,1
20180725,3576,AT,3
20180726,3576,AT,1
20180727,3576,AT,1
20180730,3576,AT,2
20180801,3576,AT,1
20180802,3576,AT,1
20180806,3576,AT,2
20180807,3576,AT,2
20180808,3576,AT,1
20180812,3576,AT,1
20180817,3576,AT,2
20180819,3576,AT,1
20180820,3576,AT,1
20180821,3576,AT,1
20180822,3576,AT,1
20180826,3576,AT,2
20180827,3576,AT,1
20180828,3576,AT,3
20180829,3576,AT,1
20180830,3576,AT,2
20180831,3576,AT,1
20180901,3576,AT,2
20180902,3576,AT,1
20180904,3576,AT,3
20180905,3576,AT,1
20180908,3576,AT,1
20180909,3576,AT,2
20180910,3576,AT,2
20180912,3576,AT,1
20180913,3576,AT,1
20180917,3576,AT,2
20180918,3576,AT,3
20180919,3576,AT,3
20180921,3576,AT,3
20180922,3576,AT,3
20180923,3576,AT,7
20180924,3576,AT,3
20180925,3576,AT,3
20180927,3576,AT,4
20180928,3576,AT,1
20180929,3576,AT,2
20180930,3576,AT,4
20181002,3576,AT,2
20181004,3576,AT,1
20181006,3576,AT,1
20181008,3576,AT,1
20181010,3576,AT,1
20181015,3576,AT,1
20181016,3576,AT,2
20181021,3576,AT,1
20181028,3576,AT,1
20181102,3576,AT,1
20181107,3576,AT,1
20181109,3576,AT,2
20181111,3576,AT,2
20181122,3576,AT,1
20181123,3576,AT,4
20181127,3576,AT,1
20181128,3576,AT,1
20181129,3576,AT,3
20181203,3576,AT,2
20181204,3576,AT,1
20181205,3576,AT,2
20181206,3576,AT,1
20181207,3576,AT,2
20181208,3576,AT,1
20181209,3576,AT,2
20181210,3576,AT,5
20181211,3576,AT,2
20181212,3576,AT,4
20181213,3576,AT,1
20181214,3576,AT,2
20181215,3576,AT,2
20181216,3576,AT,5
20181217,3576,AT,2
20181218,3576,AT,1
20181222,3576,AT,1
20181223,3576,AT,1
20181225,3576,AT,1
20181226,3576,AT,4
20181227,3576,AT,1
20181228,3576,AT,1
20181229,3576,AT,2
20190102,3576,AT,5
20190103,3576,AT,1
20190106,3576,AT,1
20190107,3576,AT,2
20190109,3576,AT,1
20190112,3576,AT,1
20190113,3576,AT,1
20190115,3576,AT,1
20190117,3576,AT,2
20190124,3576,AT,1
20190125,3576,AT,1
20190127,3576,AT,4
20190128,3576,AT,1
20190129,3576,AT,6
20190201,3576,AT,2
20190202,3576,AT,2
20190205,3576,AT,1
20190206,3576,AT,4
20190207,3576,AT,1
20190211,3576,AT,1
20190212,3576,AT,1
20170102,332,FI,2
20170104,332,FI,2
20170105,332,FI,2
20170107,332,FI,2
20170110,332,FI,1
20170111,332,FI,2
20170114,332,FI,1
20170118,332,FI,1
20170120,332,FI,1
20170121,332,FI,1
20170123,332,FI,1
20170124,332,FI,2
20170125,332,FI,1
20170126,332,FI,1
20170127,332,FI,3
20170128,332,FI,1
20170129,332,FI,5
20170130,332,FI,3
20170131,332,FI,4
20170201,332,FI,4
20170203,332,FI,1
20170205,332,FI,1
20170207,332,FI,2
20170210,332,FI,1
20170211,332,FI,2
20170216,332,FI,1
20170217,332,FI,7
20170218,332,FI,2
20170219,332,FI,4
20170220,332,FI,4
20170222,332,FI,2
20170223,332,FI,3
20170224,332,FI,5
20170225,332,FI,4
20170226,332,FI,6
20170227,332,FI,2
20170228,332,FI,4
20170301,332,FI,3
20170302,332,FI,8
20170303,332,FI,6
20170304,332,FI,6
20170305,332,FI,3
20170306,332,FI,1
20170307,332,FI,4
20170308,332,FI,3
20170309,332,FI,5
20170310,332,FI,4
20170311,332,FI,3
20170312,332,FI,4
20170313,332,FI,4
20170314,332,FI,6
20170315,332,FI,3
20170316,332,FI,5
20170317,332,FI,4
20170318,332,FI,5
20170319,332,FI,4
20170320,332,FI,1
20170321,332,FI,2
20170323,332,FI,2
20170324,332,FI,2
20170325,332,FI,4
20170326,332,FI,1
20170327,332,FI,2
20170328,332,FI,2
20170330,332,FI,1
20170331,332,FI,2
20170401,332,FI,3
20170402,332,FI,1
20170403,332,FI,6
20170404,332,FI,2
20170408,332,FI,1
20170410,332,FI,2
20170411,332,FI,1
20170412,332,FI,2
20170413,332,FI,2
20170414,332,FI,1
20170415,332,FI,1
20170417,332,FI,2
20170418,332,FI,3
20170419,332,FI,1
20170420,332,FI,1
20170421,332,FI,1
20170422,332,FI,1
20170424,332,FI,3
20170425,332,FI,1
20170426,332,FI,1
20170427,332,FI,1
20170428,332,FI,1
20170429,332,FI,2
20170430,332,FI,6
20170501,332,FI,7
20170502,332,FI,7
20170503,332,FI,6
20170504,332,FI,7
20170505,332,FI,3
20170506,332,FI,1
20170507,332,FI,2
20170509,332,FI,2
20170510,332,FI,1
20170511,332,FI,5
20170512,332,FI,4
20170513,332,FI,2
20170514,332,FI,2
20170515,332,FI,2
20170516,332,FI,3
20170518,332,FI,1
20170519,332,FI,4
20170520,332,FI,2
20170522,332,FI,5
20170523,332,FI,5
20170524,332,FI,1
20170525,332,FI,1
20170526,332,FI,2
20170527,332,FI,2
20170528,332,FI,1
20170529,332,FI,1
20170531,332,FI,2
20170601,332,FI,2
20170602,332,FI,1
20170603,332,FI,5
20170607,332,FI,2
20170609,332,FI,1
20170610,332,FI,3
20170611,332,FI,1
20170612,332,FI,4
20170613,332,FI,1
20170614,332,FI,1
20170615,332,FI,1
20170616,332,FI,1
20170620,332,FI,1
20170622,332,FI,1
20170624,332,FI,3
20170626,332,FI,1
20170630,332,FI,2
20170702,332,FI,1
20170705,332,FI,1
20170706,332,FI,1
20170708,332,FI,1
20170711,332,FI,1
20170712,332,FI,1
20170717,332,FI,1
20170718,332,FI,1
20170723,332,FI,1
20170727,332,FI,2
20170731,332,FI,1
20170801,332,FI,1
20170805,332,FI,1
20170809,332,FI,1
20170811,332,FI,1
20170812,332,FI,1
20170820,332,FI,1
20170823,332,FI,2
20170906,332,FI,1
20170923,332,FI,1
20171005,332,FI,1
20171007,332,FI,1
20171008,332,FI,1
20171009,332,FI,1
20171010,332,FI,1
20171016,332,FI,1
20171028,332,FI,2
20171102,332,FI,1
20171106,332,FI,3
20171107,332,FI,2
20171111,332,FI,1
20171112,332,FI,1
20171119,332,FI,1
20171120,332,FI,1
20171124,332,FI,1
20171126,332,FI,1
20171127,332,FI,2
20171128,332,FI,1
20171208,332,FI,1
20171211,332,FI,1
20171220,332,FI,2
20171229,332,FI,2
20180103,332,FI,4
20180104,332,FI,1
20180106,332,FI,2
20180107,332,FI,3
20180112,332,FI,2
20180119,332,FI,1
20180121,332,FI,1
20180123,332,FI,1
20180124,332,FI,2
20180127,332,FI,1
20180128,332,FI,4
20180129,332,FI,2
20180131,332,FI,1
20180204,332,FI,3
20180205,332,FI,3
20180206,332,FI,1
20180210,332,FI,1
20180211,332,FI,1
20180212,332,FI,1
20180214,332,FI,2
20180219,332,FI,1
20180220,332,FI,1
20180221,332,FI,1
20180224,332,FI,2
20180225,332,FI,1
20180301,332,FI,1
20180303,332,FI,2
20180304,332,FI,1
20180305,332,FI,2
20180306,332,FI,1
20180307,332,FI,1
20180312,332,FI,1
20180315,332,FI,1
20180316,332,FI,2
20180317,332,FI,2
20180318,332,FI,1
20180319,332,FI,2
20180321,332,FI,1
20180322,332,FI,1
20180330,332,FI,1
20180401,332,FI,1
20180403,332,FI,1
20180406,332,FI,1
20180408,332,FI,1
20180410,332,FI,2
20180411,332,FI,2
20180412,332,FI,1
20180414,332,FI,2
20180415,332,FI,3
20180416,332,FI,2
20180417,332,FI,1
20180419,332,FI,1
20180425,332,FI,2
20180426,332,FI,1
20180427,332,FI,1
20180429,332,FI,1
20180501,332,FI,1
20180503,332,FI,3
20180504,332,FI,1
20180505,332,FI,2
20180506,332,FI,2
20180507,332,FI,2
20180508,332,FI,3
20180509,332,FI,3
20180510,332,FI,2
20180511,332,FI,3
20180512,332,FI,3
20180513,332,FI,3
20180514,332,FI,4
20180515,332,FI,1
20180516,332,FI,3
20180517,332,FI,3
20180519,332,FI,1
20180520,332,FI,7
20180521,332,FI,4
20180522,332,FI,7
20180523,332,FI,2
20180524,332,FI,2
20180526,332,FI,1
20180527,332,FI,4
20180528,332,FI,2
20180529,332,FI,4
20180530,332,FI,1
20180531,332,FI,1
20180602,332,FI,1
20180604,332,FI,1
20180605,332,FI,1
20180606,332,FI,1
20180607,332,FI,1
20180608,332,FI,1
20180611,332,FI,2
20180612,332,FI,1
20180613,332,FI,2
20180614,332,FI,3
20180615,332,FI,3
20180617,332,FI,4
20180618,332,FI,1
20180619,332,FI,2
20180623,332,FI,1
20180625,332,FI,1
20180626,332,FI,2
20180703,332,FI,1
20180706,332,FI,1
20180707,332,FI,1
20180708,332,FI,1
20180709,332,FI,5
20180710,332,FI,2
20180711,332,FI,1
20180713,332,FI,1
20180715,332,FI,3
20180717,332,FI,3
20180719,332,FI,1
20180720,332,FI,2
20180721,332,FI,1
20180722,332,FI,2
20180723,332,FI,1
20180724,332,FI,1
20180725,332,FI,1
20180726,332,FI,1
20180727,332,FI,1
20180728,332,FI,1
20180730,332,FI,1
20180801,332,FI,1
20180803,332,FI,2
20180804,332,FI,1
20180805,332,FI,1
20180806,332,FI,2
20180809,332,FI,2
20180814,332,FI,1
20180815,332,FI,1
20180818,332,FI,1
20180820,332,FI,1
20180822,332,FI,1
20180826,332,FI,1
20180902,332,FI,1
20180906,332,FI,1
20180918,332,FI,2
20180921,332,FI,2
20180923,332,FI,1
20180930,332,FI,1
20181006,332,FI,1
20181009,332,FI,1
20181013,332,FI,2
20181014,332,FI,1
20181019,332,FI,1
20181020,332,FI,1
20181022,332,FI,2
20181024,332,FI,2
20181025,332,FI,2
20181026,332,FI,2
20181027,332,FI,1
20181030,332,FI,1
20181031,332,FI,1
20181102,332,FI,1
20181103,332,FI,3
20181106,332,FI,1
20181107,332,FI,1
20181108,332,FI,1
20181114,332,FI,1
20181117,332,FI,1
20181121,332,FI,1
20181122,332,FI,1
20181123,332,FI,4
20181202,332,FI,1
20181203,332,FI,1
20181206,332,FI,1
20181208,332,FI,2
20181209,332,FI,1
20181210,332,FI,1
20181211,332,FI,1
20181213,332,FI,1
20181214,332,FI,1
20181216,332,FI,1
20181220,332,FI,1
20181223,332,FI,1
20181229,332,FI,2
20190101,332,FI,1
20190102,332,FI,1
20190108,332,FI,3
20190110,332,FI,6
20190112,332,FI,2
20190113,332,FI,1
20190115,332,FI,1
20190116,332,FI,1
20190120,332,FI,3
20190121,332,FI,5
20190124,332,FI,1
20190127,332,FI,3
20190128,332,FI,5
20190130,332,FI,1
20190131,332,FI,1
20190202,332,FI,2
20190203,332,FI,2
20190204,332,FI,1
20190207,332,FI,1
20190209,332,FI,3
20190210,332,FI,3
20190212,332,FI,2
20190213,332,FI,3
20170701,362,FI,1
20170703,362,FI,1
20170706,362,FI,2
20170709,362,FI,1
20170710,362,FI,1
20170711,362,FI,1
20170712,362,FI,1
20170713,362,FI,3
20170714,362,FI,1
20170715,362,FI,1
20170716,362,FI,1
20170717,362,FI,9
20170718,362,FI,6
20170719,362,FI,3
20170720,362,FI,2
20170721,362,FI,1
20170722,362,FI,1
20170723,362,FI,1
20170724,362,FI,1
20170725,362,FI,1
20170726,362,FI,1
20170727,362,FI,4
20170728,362,FI,3
20170729,362,FI,1
20170730,362,FI,3
20170801,362,FI,1
20170802,362,FI,2
20170803,362,FI,1
20170805,362,FI,1
20170806,362,FI,1
20170810,362,FI,2
20170811,362,FI,1
20170812,362,FI,2
20170813,362,FI,1
20170815,362,FI,1
20170816,362,FI,1
20170819,362,FI,1
20170820,362,FI,1
20170821,362,FI,2
20170822,362,FI,1
20170824,362,FI,1
20170825,362,FI,1
20170828,362,FI,3
20170830,362,FI,1
20170901,362,FI,1
20170902,362,FI,1
20170903,362,FI,1
20170920,362,FI,1
20171020,362,FI,1
20171024,362,FI,1
20171115,362,FI,2
20171116,362,FI,2
20171118,362,FI,1
20171122,362,FI,1
20171123,362,FI,1
20171124,362,FI,1
20171126,362,FI,2
20171127,362,FI,1
20171130,362,FI,1
20171202,362,FI,1
20171204,362,FI,2
20171212,362,FI,4
20171213,362,FI,1
20171223,362,FI,1
20171225,362,FI,2
20171226,362,FI,1
20171228,362,FI,1
20171229,362,FI,1
20171230,362,FI,2
20171231,362,FI,2
20180101,362,FI,2
20180102,362,FI,2
20180103,362,FI,1
20180104,362,FI,2
20180106,362,FI,1
20180109,362,FI,1
20180111,362,FI,2
20180116,362,FI,1
20180117,362,FI,1
20180118,362,FI,2
20180122,362,FI,1
20180127,362,FI,1
20180204,362,FI,1
20180206,362,FI,1
20180207,362,FI,1
20180208,362,FI,1
20180209,362,FI,1
20180211,362,FI,4
20180212,362,FI,3
20180213,362,FI,1
20180216,362,FI,1
20180217,362,FI,3
20180218,362,FI,1
20180220,362,FI,2
20180221,362,FI,1
20180222,362,FI,1
20180225,362,FI,1
20180226,362,FI,2
20180301,362,FI,2
20180302,362,FI,1
20180303,362,FI,1
20180306,362,FI,1
20180308,362,FI,1
20180310,362,FI,1
20180311,362,FI,3
20180312,362,FI,2
20180315,362,FI,2
20180316,362,FI,2
20180318,362,FI,1
20180321,362,FI,2
20180322,362,FI,2
20180324,362,FI,1
20180325,362,FI,1
20180326,362,FI,1
20180329,362,FI,1
20180330,362,FI,1
20180402,362,FI,1
20180404,362,FI,3
20180405,362,FI,4
20180407,362,FI,2
20180409,362,FI,1
20180410,362,FI,1
20180411,362,FI,2
20180416,362,FI,1
20180417,362,FI,1
20180418,362,FI,2
20180420,362,FI,1
20180422,362,FI,3
20180425,362,FI,1
20180426,362,FI,1
20180427,362,FI,1
20180429,362,FI,1
20180503,362,FI,2
20180505,362,FI,1
20180506,362,FI,2
20180508,362,FI,1
20180509,362,FI,2
20180510,362,FI,2
20180512,362,FI,1
20180515,362,FI,3
20180517,362,FI,2
20180519,362,FI,1
20180521,362,FI,2
20180523,362,FI,1
20180524,362,FI,1
20180526,362,FI,2
20180527,362,FI,1
20180528,362,FI,3
20180530,362,FI,2
20180604,362,FI,3
20180605,362,FI,1
20180612,362,FI,1
20180613,362,FI,1
20180614,362,FI,1
20180615,362,FI,2
20180616,362,FI,2
20180617,362,FI,2
20180618,362,FI,5
20180619,362,FI,1
20180620,362,FI,2
20180621,362,FI,1
20180622,362,FI,2
20180625,362,FI,1
20180626,362,FI,2
20180627,362,FI,1
20180629,362,FI,3
20180702,362,FI,2
20180705,362,FI,1
20180706,362,FI,1
20180707,362,FI,1
20180708,362,FI,1
20180713,362,FI,1
20180714,362,FI,1
20180715,362,FI,3
20180723,362,FI,1
20180724,362,FI,1
20180726,362,FI,1
20180729,362,FI,2
20180731,362,FI,2
20180804,362,FI,1
20180805,362,FI,2
20180806,362,FI,1
20180807,362,FI,1
20180810,362,FI,3
20180812,362,FI,1
20180815,362,FI,3
20180817,362,FI,1
20180818,362,FI,1
20180819,362,FI,1
20180822,362,FI,1
20180823,362,FI,1
20180824,362,FI,3
20180826,362,FI,1
20180828,362,FI,1
20180829,362,FI,3
20180905,362,FI,1
20180906,362,FI,1
20180908,362,FI,1
20180911,362,FI,2
20180912,362,FI,1
20180913,362,FI,1
20180916,362,FI,1
20180921,362,FI,2
20180922,362,FI,2
20180923,362,FI,1
20180928,362,FI,1
20180930,362,FI,1
20181008,362,FI,1
20181018,362,FI,3
20181020,362,FI,1
20181023,362,FI,3
20181024,362,FI,2
20181028,362,FI,3
20181030,362,FI,1
20181101,362,FI,2
20181104,362,FI,1
20181108,362,FI,1
20181109,362,FI,1
20181115,362,FI,1
20181118,362,FI,3
20181120,362,FI,1
20181121,362,FI,2
20181123,362,FI,1
20181126,362,FI,3
20181127,362,FI,1
20181129,362,FI,1
20181130,362,FI,1
20181201,362,FI,2
20181202,362,FI,1
20181203,362,FI,1
20181214,362,FI,2
20181216,362,FI,1
20181218,362,FI,1
20181219,362,FI,1
20181222,362,FI,1
20181225,362,FI,1
20181226,362,FI,1
20181229,362,FI,2
20190105,362,FI,2
20190106,362,FI,1
20190113,362,FI,1
20190118,362,FI,2
20190127,362,FI,1
20190202,362,FI,2
20190206,362,FI,1
20190210,362,FI,1
20170131,409,FI,1
20170202,409,FI,1
20170205,409,FI,1
20170208,409,FI,1
20170212,409,FI,1
20170219,409,FI,2
20170221,409,FI,1
20170225,409,FI,2
20170226,409,FI,1
20170303,409,FI,2
20170307,409,FI,1
20170308,409,FI,2
20170309,409,FI,3
20170311,409,FI,2
20170313,409,FI,1
20170317,409,FI,1
20170328,409,FI,1
20170330,409,FI,1
20170331,409,FI,1
20170411,409,FI,1
20170421,409,FI,1
20170507,409,FI,2
20170508,409,FI,1
20170509,409,FI,1
20170512,409,FI,1
20170513,409,FI,1
20170515,409,FI,1
20170517,409,FI,1
20170519,409,FI,1
20170521,409,FI,1
20170522,409,FI,1
20170524,409,FI,3
20170526,409,FI,1
20170531,409,FI,2
20170602,409,FI,3
20170608,409,FI,1
20170611,409,FI,1
20170615,409,FI,1
20170626,409,FI,2
20170703,409,FI,1
20170704,409,FI,2
20170705,409,FI,2
20170712,409,FI,1
20170720,409,FI,1
20170722,409,FI,2
20170724,409,FI,1
20170730,409,FI,1
20170804,409,FI,1
20170808,409,FI,1
20170811,409,FI,1
20170815,409,FI,1
20170819,409,FI,1
20170902,409,FI,1
20170907,409,FI,2
20170908,409,FI,3
20170910,409,FI,3
20170911,409,FI,1
20170925,409,FI,1
20170927,409,FI,1
20171004,409,FI,2
20171005,409,FI,3
20171008,409,FI,1
20171009,409,FI,4
20171010,409,FI,1
20171014,409,FI,1
20171018,409,FI,2
20171021,409,FI,1
20171022,409,FI,1
20171030,409,FI,1
20171031,409,FI,1
20171106,409,FI,1
20171112,409,FI,1
20171114,409,FI,1
20171119,409,FI,1
20171122,409,FI,1
20171124,409,FI,4
20171125,409,FI,1
20171126,409,FI,2
20171127,409,FI,3
20171210,409,FI,1
20171214,409,FI,1
20171218,409,FI,1
20171223,409,FI,1
20171225,409,FI,1
20171227,409,FI,1
20171228,409,FI,1
20180103,409,FI,1
20180104,409,FI,2
20180106,409,FI,2
20180110,409,FI,2
20180111,409,FI,2
20180204,409,FI,1
20180209,409,FI,1
20180221,409,FI,1
20180227,409,FI,4
20180228,409,FI,6
20180302,409,FI,1
20180305,409,FI,2
20180307,409,FI,1
20180311,409,FI,1
20180319,409,FI,1
20180323,409,FI,1
20180327,409,FI,1
20180330,409,FI,1
20180403,409,FI,1
20180405,409,FI,1
20180409,409,FI,2
20180417,409,FI,3
20180425,409,FI,1
20180426,409,FI,1
20180428,409,FI,3
20180503,409,FI,1
20180504,409,FI,1
20180505,409,FI,1
20180506,409,FI,2
20180508,409,FI,1
20180510,409,FI,1
20180511,409,FI,1
20180514,409,FI,1
20180515,409,FI,4
20180516,409,FI,1
20180518,409,FI,2
20180521,409,FI,1
20180524,409,FI,2
20180526,409,FI,3
20180601,409,FI,1
20180604,409,FI,3
20180607,409,FI,1
20180610,409,FI,2
20180617,409,FI,1
20180618,409,FI,1
20180619,409,FI,2
20180621,409,FI,2
20180624,409,FI,4
20180626,409,FI,2
20180627,409,FI,1
20180706,409,FI,1
20180707,409,FI,1
20180709,409,FI,2
20180710,409,FI,1
20180711,409,FI,2
20180713,409,FI,1
20180715,409,FI,2
20180718,409,FI,1
20180724,409,FI,2
20180726,409,FI,2
20180727,409,FI,1
20180801,409,FI,1
20180814,409,FI,1
20180815,409,FI,1
20180818,409,FI,1
20180819,409,FI,1
20180822,409,FI,1
20180823,409,FI,1
20180824,409,FI,1
20180825,409,FI,1
20180828,409,FI,1
20180901,409,FI,3
20180902,409,FI,1
20180903,409,FI,1
20180907,409,FI,1
20180910,409,FI,3
20180911,409,FI,1
20180912,409,FI,1
20180914,409,FI,1
20180915,409,FI,1
20180916,409,FI,1
20180918,409,FI,1
20180920,409,FI,1
20180924,409,FI,2
20180925,409,FI,1
20180927,409,FI,1
20180928,409,FI,1
20180930,409,FI,1
20181003,409,FI,1
20181004,409,FI,1
20181009,409,FI,1
20181011,409,FI,4
20181101,409,FI,1
20181103,409,FI,1
20181104,409,FI,4
20181108,409,FI,2
20181109,409,FI,4
20181111,409,FI,1
20181112,409,FI,2
20181115,409,FI,1
20181118,409,FI,3
20181122,409,FI,3
20181123,409,FI,7
20181125,409,FI,1
20181126,409,FI,1
20181127,409,FI,5
20181128,409,FI,1
20181211,409,FI,1
20181217,409,FI,3
20181228,409,FI,1
20181229,409,FI,1
20181231,409,FI,1
20190103,409,FI,1
20190108,409,FI,1
20190110,409,FI,1
20190113,409,FI,2
20190118,409,FI,3
20190124,409,FI,1
20190126,409,FI,2
20190127,409,FI,2
20190129,409,FI,1
20190130,409,FI,3
20190131,409,FI,1
20190202,409,FI,1
20190203,409,FI,1
20190209,409,FI,1
20170103,5984,FI,2
20170104,5984,FI,3
20170105,5984,FI,1
20170106,5984,FI,4
20170108,5984,FI,1
20170109,5984,FI,1
20170110,5984,FI,4
20170111,5984,FI,2
20170112,5984,FI,2
20170113,5984,FI,1
20170114,5984,FI,1
20170117,5984,FI,2
20170119,5984,FI,1
20170120,5984,FI,3
20170122,5984,FI,1
20170123,5984,FI,1
20170126,5984,FI,2
20170130,5984,FI,2
20170201,5984,FI,2
20170202,5984,FI,1
20170203,5984,FI,1
20170207,5984,FI,1
20170208,5984,FI,1
20170210,5984,FI,2
20170211,5984,FI,1
20170215,5984,FI,1
20170216,5984,FI,1
20170220,5984,FI,1
20170301,5984,FI,2
20170302,5984,FI,1
20170304,5984,FI,1
20170305,5984,FI,3
20170306,5984,FI,4
20170307,5984,FI,1
20170308,5984,FI,1
20170310,5984,FI,2
20170312,5984,FI,1
20170313,5984,FI,2
20170314,5984,FI,2
20170315,5984,FI,2
20170316,5984,FI,1
20170317,5984,FI,2
20170318,5984,FI,3
20170320,5984,FI,2
20170321,5984,FI,1
20170323,5984,FI,1
20170325,5984,FI,1
20170326,5984,FI,3
20170328,5984,FI,1
20170329,5984,FI,2
20170330,5984,FI,2
20170331,5984,FI,1
20170401,5984,FI,1
20170402,5984,FI,3
20170403,5984,FI,3
20170407,5984,FI,1
20170409,5984,FI,1
20170413,5984,FI,2
20170414,5984,FI,3
20170420,5984,FI,1
20170422,5984,FI,2
20170423,5984,FI,1
20170424,5984,FI,1
20170430,5984,FI,1
20170504,5984,FI,2
20170509,5984,FI,2
20170510,5984,FI,1
20170512,5984,FI,1
20170522,5984,FI,1
20170524,5984,FI,1
20170531,5984,FI,1
20170624,5984,FI,2
20170701,5984,FI,1
20170702,5984,FI,1
20170703,5984,FI,1
20170712,5984,FI,1
20170713,5984,FI,1
20170724,5984,FI,1
20170726,5984,FI,1
20170730,5984,FI,1
20170804,5984,FI,1
20170805,5984,FI,1
20170807,5984,FI,1
20170813,5984,FI,1
20170817,5984,FI,2
20170819,5984,FI,1
20170821,5984,FI,2
20170826,5984,FI,1
20170828,5984,FI,1
20170901,5984,FI,1
20170902,5984,FI,1
20170903,5984,FI,2
20170904,5984,FI,1
20170905,5984,FI,1
20170907,5984,FI,1
20170908,5984,FI,1
20170909,5984,FI,1
20170910,5984,FI,1
20170914,5984,FI,1
20170917,5984,FI,1
20170922,5984,FI,1
20170923,5984,FI,1
20170924,5984,FI,1
20170926,5984,FI,1
20170928,5984,FI,1
20170929,5984,FI,1
20170930,5984,FI,1
20171002,5984,FI,1
20171006,5984,FI,1
20171012,5984,FI,1
20171017,5984,FI,1
20171023,5984,FI,1
20171031,5984,FI,2
20171104,5984,FI,1
20171105,5984,FI,1
20171111,5984,FI,2
20171112,5984,FI,1
20171113,5984,FI,1
20171114,5984,FI,1
20171116,5984,FI,1
20171119,5984,FI,1
20171122,5984,FI,2
20171123,5984,FI,1
20171124,5984,FI,1
20171126,5984,FI,1
20171204,5984,FI,1
20171207,5984,FI,1
20171217,5984,FI,4
20171218,5984,FI,1
20171226,5984,FI,1
20171229,5984,FI,3
20171230,5984,FI,1
20171231,5984,FI,1
20180102,5984,FI,4
20180103,5984,FI,1
20180105,5984,FI,2
20180106,5984,FI,3
20180110,5984,FI,1
20180112,5984,FI,1
20180114,5984,FI,2
20180116,5984,FI,4
20180117,5984,FI,2
20180118,5984,FI,1
20180123,5984,FI,2
20180127,5984,FI,1
20180129,5984,FI,1
20180131,5984,FI,1
20180206,5984,FI,2
20180207,5984,FI,1
20180209,5984,FI,1
20180210,5984,FI,1
20180213,5984,FI,1
20180220,5984,FI,1
20180223,5984,FI,1
20180224,5984,FI,2
20180225,5984,FI,1
20180228,5984,FI,1
20180310,5984,FI,1
20180319,5984,FI,1
20180321,5984,FI,1
20180322,5984,FI,1
20180324,5984,FI,1
20180325,5984,FI,1
20180409,5984,FI,1
20180410,5984,FI,1
20180411,5984,FI,1
20180412,5984,FI,1
20180414,5984,FI,1
20180415,5984,FI,1
20180417,5984,FI,1
20180418,5984,FI,1
20180422,5984,FI,1
20180503,5984,FI,1
20180506,5984,FI,2
20180508,5984,FI,1
20180509,5984,FI,1
20180511,5984,FI,1
20180514,5984,FI,1
20180515,5984,FI,1
20180516,5984,FI,1
20180520,5984,FI,1
20180529,5984,FI,1
20180531,5984,FI,1
20180602,5984,FI,1
20180603,5984,FI,1
20180613,5984,FI,2
20180615,5984,FI,2
20180616,5984,FI,1
20180617,5984,FI,2
20180626,5984,FI,3
20180628,5984,FI,1
20180702,5984,FI,1
20180703,5984,FI,1
20180707,5984,FI,1
20180710,5984,FI,1
20180711,5984,FI,1
20180725,5984,FI,1
20180727,5984,FI,1
20180729,5984,FI,1
20180731,5984,FI,1
20180803,5984,FI,2
20180804,5984,FI,1
20180807,5984,FI,1
20180809,5984,FI,1
20180810,5984,FI,1
20180815,5984,FI,1
20180822,5984,FI,1
20180825,5984,FI,2
20180829,5984,FI,1
20180831,5984,FI,2
20180902,5984,FI,1
20180905,5984,FI,1
20180906,5984,FI,1
20180913,5984,FI,1
20180917,5984,FI,2
20180919,5984,FI,2
20180920,5984,FI,2
20180921,5984,FI,1
20180924,5984,FI,1
20180926,5984,FI,1
20180927,5984,FI,1
20180928,5984,FI,1
20180929,5984,FI,1
20181002,5984,FI,2
20181003,5984,FI,1
20181004,5984,FI,2
20181007,5984,FI,1
20181010,5984,FI,1
20181011,5984,FI,1
20181015,5984,FI,1
20181016,5984,FI,1
20181023,5984,FI,1
20181025,5984,FI,1
20181028,5984,FI,1
20181029,5984,FI,1
20181102,5984,FI,2
20181104,5984,FI,1
20181106,5984,FI,1
20181108,5984,FI,2
20181109,5984,FI,1
20181111,5984,FI,2
20181113,5984,FI,1
20181114,5984,FI,1
20181115,5984,FI,1
20181117,5984,FI,2
20181118,5984,FI,2
20181119,5984,FI,1
20181120,5984,FI,1
20181121,5984,FI,1
20181122,5984,FI,14
20181123,5984,FI,8
20181126,5984,FI,2
20181129,5984,FI,2
20181130,5984,FI,1
20181208,5984,FI,2
20181209,5984,FI,3
20181212,5984,FI,2
20181213,5984,FI,2
20181214,5984,FI,1
20181216,5984,FI,1
20181219,5984,FI,1
20181220,5984,FI,2
20181222,5984,FI,2
20181225,5984,FI,1
20181226,5984,FI,1
20181227,5984,FI,2
20181228,5984,FI,1
20181229,5984,FI,1
20181231,5984,FI,1
20190101,5984,FI,2
20190102,5984,FI,2
20190104,5984,FI,2
20190109,5984,FI,2
20190111,5984,FI,1
20190113,5984,FI,4
20190114,5984,FI,1
20190115,5984,FI,1
20190117,5984,FI,1
20190118,5984,FI,2
20190120,5984,FI,2
20190121,5984,FI,2
20190122,5984,FI,2
20190125,5984,FI,1
20190126,5984,FI,1
20190127,5984,FI,1
20190128,5984,FI,1
20190203,5984,FI,1
20190204,5984,FI,1
20190213,5984,FI,1
20170628,362,FR,1
20170704,362,FR,1
20170710,362,FR,1
20170711,362,FR,2
20170713,362,FR,2
20170714,362,FR,2
20170715,362,FR,2
20170716,362,FR,1
20170717,362,FR,2
20170719,362,FR,1
20170720,362,FR,2
20170721,362,FR,1
20170724,362,FR,2
20170725,362,FR,2
20170727,362,FR,1
20170728,362,FR,2
20170729,362,FR,1
20170730,362,FR,4
20170805,362,FR,2
20170807,362,FR,1
20170808,362,FR,1
20170810,362,FR,1
20170813,362,FR,2
20170814,362,FR,2
20170816,362,FR,1
20170818,362,FR,1
20170819,362,FR,1
20170823,362,FR,2
20170824,362,FR,1
20170829,362,FR,1
20170830,362,FR,1
20170831,362,FR,3
20170901,362,FR,1
20170903,362,FR,2
20170907,362,FR,3
20170908,362,FR,1
20170909,362,FR,1
20170910,362,FR,3
20170912,362,FR,2
20170913,362,FR,2
20170916,362,FR,1
20170918,362,FR,2
20170921,362,FR,1
20170922,362,FR,1
20170926,362,FR,1
20171002,362,FR,1
20171004,362,FR,1
20171005,362,FR,1
20171008,362,FR,1
20171022,362,FR,1
20171120,362,FR,1
20171122,362,FR,1
20171124,362,FR,1
20171127,362,FR,1
20171128,362,FR,1
20171130,362,FR,1
20171203,362,FR,1
20171204,362,FR,1
20171205,362,FR,1
20171207,362,FR,2
20171208,362,FR,1
20171209,362,FR,3
20171210,362,FR,2
20171211,362,FR,1
20171214,362,FR,2
20171215,362,FR,3
20171216,362,FR,2
20171217,362,FR,4
20171226,362,FR,2
20171229,362,FR,2
20171230,362,FR,1
20180102,362,FR,1
20180103,362,FR,1
20180105,362,FR,2
20180106,362,FR,1
20180109,362,FR,1
20180110,362,FR,5
20180113,362,FR,3
20180114,362,FR,2
20180115,362,FR,1
20180116,362,FR,1
20180117,362,FR,2
20180119,362,FR,1
20180120,362,FR,2
20180121,362,FR,2
20180122,362,FR,1
20180123,362,FR,2
20180124,362,FR,1
20180127,362,FR,1
20180129,362,FR,1
20180131,362,FR,1
20180204,362,FR,1
20180206,362,FR,2
20180208,362,FR,1
20180210,362,FR,3
20180211,362,FR,1
20180214,362,FR,1
20180215,362,FR,1
20180216,362,FR,1
20180218,362,FR,5
20180219,362,FR,2
20180220,362,FR,1
20180221,362,FR,1
20180223,362,FR,1
20180224,362,FR,1
20180225,362,FR,2
20180226,362,FR,1
20180303,362,FR,1
20180304,362,FR,1
20180305,362,FR,3
20180306,362,FR,5
20180307,362,FR,1
20180315,362,FR,1
20180316,362,FR,1
20180319,362,FR,6
20180320,362,FR,1
20180321,362,FR,1
20180324,362,FR,2
20180325,362,FR,1
20180326,362,FR,3
20180328,362,FR,2
20180331,362,FR,2
20180401,362,FR,1
20180402,362,FR,1
20180403,362,FR,2
20180404,362,FR,4
20180405,362,FR,2
20180406,362,FR,3
20180407,362,FR,6
20180408,362,FR,4
20180409,362,FR,1
20180410,362,FR,1
20180411,362,FR,2
20180414,362,FR,1
20180415,362,FR,2
20180417,362,FR,1
20180418,362,FR,2
20180419,362,FR,1
20180420,362,FR,3
20180421,362,FR,2
20180422,362,FR,3
20180424,362,FR,1
20180425,362,FR,5
20180426,362,FR,1
20180427,362,FR,1
20180429,362,FR,1
20180430,362,FR,2
20180501,362,FR,1
20180502,362,FR,2
20180503,362,FR,1
20180507,362,FR,3
20180508,362,FR,1
20180509,362,FR,2
20180510,362,FR,2
20180513,362,FR,3
20180514,362,FR,2
20180517,362,FR,1
20180518,362,FR,1
20180520,362,FR,3
20180522,362,FR,2
20180523,362,FR,2
20180524,362,FR,1
20180525,362,FR,2
20180526,362,FR,2
20180528,362,FR,2
20180529,362,FR,2
20180530,362,FR,1
20180601,362,FR,1
20180603,362,FR,2
20180604,362,FR,1
20180605,362,FR,5
20180607,362,FR,1
20180608,362,FR,2
20180610,362,FR,1
20180611,362,FR,1
20180612,362,FR,1
20180616,362,FR,1
20180618,362,FR,1
20180619,362,FR,2
20180623,362,FR,1
20180624,362,FR,3
20180627,362,FR,2
20180628,362,FR,1
20180630,362,FR,3
20180702,362,FR,1
20180704,362,FR,1
20180710,362,FR,1
20180711,362,FR,1
20180714,362,FR,1
20180719,362,FR,1
20180721,362,FR,3
20180728,362,FR,1
20180802,362,FR,1
20180804,362,FR,1
20180808,362,FR,1
20180810,362,FR,1
20180818,362,FR,2
20180819,362,FR,1
20180821,362,FR,2
20180823,362,FR,1
20180824,362,FR,1
20180825,362,FR,1
20180827,362,FR,1
20180829,362,FR,1
20180831,362,FR,2
20180901,362,FR,1
20180904,362,FR,1
20180907,362,FR,2
20180909,362,FR,3
20180911,362,FR,1
20180912,362,FR,1
20180913,362,FR,2
20180918,362,FR,1
20180919,362,FR,1
20180921,362,FR,2
20180922,362,FR,1
20180927,362,FR,1
20180929,362,FR,2
20180930,362,FR,2
20181001,362,FR,1
20181002,362,FR,3
20181003,362,FR,1
20181006,362,FR,2
20181007,362,FR,1
20181008,362,FR,2
20181010,362,FR,2
20181011,362,FR,1
20181014,362,FR,1
20181017,362,FR,1
20181019,362,FR,2
20181020,362,FR,3
20181021,362,FR,1
20181022,362,FR,1
20181025,362,FR,1
20181028,362,FR,1
20181029,362,FR,1
20181031,362,FR,1
20181102,362,FR,2
20181103,362,FR,1
20181104,362,FR,1
20181105,362,FR,2
20181106,362,FR,1
20181109,362,FR,2
20181112,362,FR,1
20181113,362,FR,1
20181114,362,FR,1
20181116,362,FR,1
20181120,362,FR,1
20181122,362,FR,1
20181123,362,FR,4
20181124,362,FR,3
20181125,362,FR,1
20181126,362,FR,2
20181128,362,FR,1
20181201,362,FR,1
20181202,362,FR,1
20181203,362,FR,3
20181204,362,FR,2
20181205,362,FR,2
20181206,362,FR,2
20181207,362,FR,3
20181208,362,FR,2
20181209,362,FR,9
20181210,362,FR,4
20181211,362,FR,1
20181212,362,FR,3
20181213,362,FR,4
20181214,362,FR,5
20181215,362,FR,6
20181216,362,FR,6
20181217,362,FR,6
20181218,362,FR,2
20181219,362,FR,5
20181220,362,FR,3
20181221,362,FR,1
20181222,362,FR,1
20181223,362,FR,1
20181224,362,FR,1
20181226,362,FR,1
20181227,362,FR,4
20181228,362,FR,2
20181229,362,FR,3
20181230,362,FR,2
20190102,362,FR,1
20190103,362,FR,1
20190104,362,FR,1
20190105,362,FR,1
20190107,362,FR,1
20190108,362,FR,1
20190109,362,FR,1
20190110,362,FR,2
20190111,362,FR,3
20190112,362,FR,2
20190113,362,FR,2
20190115,362,FR,1
20190119,362,FR,2
20190120,362,FR,2
20190121,362,FR,1
20190122,362,FR,1
20190123,362,FR,3
20190124,362,FR,1
20190126,362,FR,2
20190127,362,FR,3
20190131,362,FR,1
20190201,362,FR,2
20190202,362,FR,3
20190203,362,FR,6
20190204,362,FR,2
20190205,362,FR,2
20190207,362,FR,6
20190209,362,FR,3
20190210,362,FR,3
20190211,362,FR,3
20190212,362,FR,1
20190213,362,FR,7
20170721,1132,FR,1
20170726,1132,FR,1
20170730,1132,FR,1
20170803,1132,FR,1
20170809,1132,FR,1
20170810,1132,FR,1
20170812,1132,FR,1
20170818,1132,FR,3
20170819,1132,FR,1
20170821,1132,FR,1
20170824,1132,FR,1
20170826,1132,FR,1
20170830,1132,FR,1
20170902,1132,FR,1
20170906,1132,FR,1
20170909,1132,FR,1
20170910,1132,FR,1
20170911,1132,FR,1
20170913,1132,FR,1
20170921,1132,FR,2
20170922,1132,FR,1
20170923,1132,FR,4
20170924,1132,FR,4
20170925,1132,FR,2
20170926,1132,FR,2
20170927,1132,FR,1
20170930,1132,FR,4
20171001,1132,FR,1
20171007,1132,FR,1
20171009,1132,FR,2
20171011,1132,FR,3
20171013,1132,FR,5
20171014,1132,FR,2
20171015,1132,FR,3
20171017,1132,FR,3
20171018,1132,FR,1
20171019,1132,FR,1
20171020,1132,FR,1
20171021,1132,FR,2
20171022,1132,FR,2
20171024,1132,FR,2
20171025,1132,FR,1
20171026,1132,FR,1
20171028,1132,FR,1
20171030,1132,FR,1
20171101,1132,FR,2
20171103,1132,FR,2
20171104,1132,FR,4
20171105,1132,FR,4
20171107,1132,FR,1
20171110,1132,FR,4
20171113,1132,FR,1
20171114,1132,FR,2
20171117,1132,FR,3
20171118,1132,FR,3
20171119,1132,FR,4
20171120,1132,FR,2
20171121,1132,FR,6
20171122,1132,FR,1
20171123,1132,FR,1
20171124,1132,FR,3
20171125,1132,FR,1
20171127,1132,FR,5
20171128,1132,FR,3
20171129,1132,FR,1
20171202,1132,FR,1
20171203,1132,FR,3
20171204,1132,FR,2
20171205,1132,FR,1
20171206,1132,FR,1
20171207,1132,FR,1
20171208,1132,FR,2
20171209,1132,FR,2
20171210,1132,FR,2
20171211,1132,FR,2
20171212,1132,FR,1
20171214,1132,FR,4
20171216,1132,FR,3
20171217,1132,FR,2
20171218,1132,FR,2
20171219,1132,FR,1
20171220,1132,FR,2
20171222,1132,FR,1
20171223,1132,FR,1
20171225,1132,FR,1
20171226,1132,FR,1
20171227,1132,FR,1
20171228,1132,FR,4
20171230,1132,FR,3
20171231,1132,FR,1
20180101,1132,FR,5
20180102,1132,FR,2
20180103,1132,FR,3
20180104,1132,FR,1
20180105,1132,FR,2
20180106,1132,FR,1
20180107,1132,FR,1
20180109,1132,FR,1
20180110,1132,FR,4
20180112,1132,FR,3
20180113,1132,FR,8
20180115,1132,FR,1
20180116,1132,FR,1
20180118,1132,FR,2
20180119,1132,FR,1
20180121,1132,FR,1
20180122,1132,FR,1
20180123,1132,FR,3
20180124,1132,FR,1
20180125,1132,FR,4
20180126,1132,FR,1
20180127,1132,FR,3
20180129,1132,FR,2
20180131,1132,FR,2
20180201,1132,FR,1
20180203,1132,FR,3
20180207,1132,FR,4
20180210,1132,FR,1
20180211,1132,FR,2
20180213,1132,FR,1
20180214,1132,FR,1
20180218,1132,FR,4
20180223,1132,FR,1
20180226,1132,FR,3
20180303,1132,FR,1
20180305,1132,FR,1
20180312,1132,FR,1
20180314,1132,FR,1
20180317,1132,FR,2
20180319,1132,FR,1
20180321,1132,FR,2
20180324,1132,FR,1
20180328,1132,FR,1
20180331,1132,FR,1
20180402,1132,FR,1
20180403,1132,FR,1
20180407,1132,FR,2
20180408,1132,FR,4
20180410,1132,FR,2
20180412,1132,FR,2
20180413,1132,FR,5
20180414,1132,FR,1
20180415,1132,FR,1
20180416,1132,FR,3
20180417,1132,FR,3
20180419,1132,FR,3
20180420,1132,FR,1
20180423,1132,FR,1
20180429,1132,FR,1
20180430,1132,FR,2
20180501,1132,FR,3
20180504,1132,FR,2
20180507,1132,FR,3
20180508,1132,FR,3
20180509,1132,FR,2
20180510,1132,FR,2
20180511,1132,FR,1
20180513,1132,FR,1
20180519,1132,FR,1
20180523,1132,FR,2
20180524,1132,FR,1
20180526,1132,FR,1
20180528,1132,FR,1
20180529,1132,FR,2
20180531,1132,FR,1
20180601,1132,FR,2
20180602,1132,FR,2
20180603,1132,FR,2
20180604,1132,FR,1
20180605,1132,FR,1
20180606,1132,FR,3
20180608,1132,FR,2
20180609,1132,FR,3
20180610,1132,FR,1
20180612,1132,FR,1
20180613,1132,FR,1
20180627,1132,FR,1
20180708,1132,FR,1
20180713,1132,FR,2
20180721,1132,FR,1
20180730,1132,FR,1
20180802,1132,FR,1
20180805,1132,FR,1
20180807,1132,FR,1
20180821,1132,FR,1
20180824,1132,FR,1
20180827,1132,FR,1
20180907,1132,FR,1
20180915,1132,FR,1
20180916,1132,FR,1
20180917,1132,FR,1
20180920,1132,FR,1
20180923,1132,FR,1
20180924,1132,FR,3
20180925,1132,FR,1
20180930,1132,FR,3
20181001,1132,FR,2
20181002,1132,FR,1
20181003,1132,FR,1
20181006,1132,FR,1
20181009,1132,FR,1
20181013,1132,FR,1
20181015,1132,FR,1
20181017,1132,FR,2
20181018,1132,FR,3
20181019,1132,FR,3
20181020,1132,FR,4
20181021,1132,FR,2
20181022,1132,FR,1
20181023,1132,FR,1
20181025,1132,FR,1
20181028,1132,FR,1
20181104,1132,FR,1
20181107,1132,FR,2
20181108,1132,FR,2
20181109,1132,FR,2
20181110,1132,FR,3
20181111,1132,FR,1
20181112,1132,FR,1
20181115,1132,FR,1
20181118,1132,FR,1
20181119,1132,FR,1
20181121,1132,FR,1
20181122,1132,FR,1
20181123,1132,FR,4
20181125,1132,FR,1
20181126,1132,FR,3
20181127,1132,FR,2
20181128,1132,FR,1
20181201,1132,FR,1
20181202,1132,FR,1
20181204,1132,FR,2
20181207,1132,FR,2
20181208,1132,FR,3
20181209,1132,FR,1
20181211,1132,FR,2
20181213,1132,FR,1
20181216,1132,FR,3
20181220,1132,FR,1
20181228,1132,FR,2
20181229,1132,FR,1
20190101,1132,FR,1
20190103,1132,FR,2
20190104,1132,FR,1
20190105,1132,FR,1
20190106,1132,FR,1
20190109,1132,FR,22
20190110,1132,FR,5
20190111,1132,FR,1
20190112,1132,FR,7
20190113,1132,FR,7
20190114,1132,FR,7
20190115,1132,FR,3
20190116,1132,FR,1
20190117,1132,FR,2
20190118,1132,FR,7
20190119,1132,FR,7
20190120,1132,FR,6
20190121,1132,FR,6
20190122,1132,FR,2
20190123,1132,FR,8
20190124,1132,FR,3
20190125,1132,FR,2
20190126,1132,FR,3
20190127,1132,FR,3
20190128,1132,FR,2
20190130,1132,FR,3
20190131,1132,FR,7
20190201,1132,FR,6
20190202,1132,FR,4
20190203,1132,FR,3
20190204,1132,FR,6
20190205,1132,FR,1
20190206,1132,FR,2
20190207,1132,FR,3
20190208,1132,FR,2
20190209,1132,FR,3
20190210,1132,FR,1
20190211,1132,FR,3
20190212,1132,FR,3
20190213,1132,FR,1
20170105,1516,FR,1
20170110,1516,FR,1
20170111,1516,FR,3
20170113,1516,FR,1
20170114,1516,FR,2
20170115,1516,FR,2
20170116,1516,FR,1
20170119,1516,FR,1
20170120,1516,FR,1
20170125,1516,FR,1
20170126,1516,FR,2
20170127,1516,FR,1
20170204,1516,FR,2
20170206,1516,FR,2
20170209,1516,FR,2
20170212,1516,FR,1
20170214,1516,FR,1
20170215,1516,FR,2
20170218,1516,FR,1
20170219,1516,FR,1
20170220,1516,FR,2
20170221,1516,FR,3
20170222,1516,FR,1
20170223,1516,FR,1
20170302,1516,FR,3
20170303,1516,FR,4
20170304,1516,FR,2
20170305,1516,FR,1
20170323,1516,FR,1
20170401,1516,FR,1
20170406,1516,FR,1
20170412,1516,FR,2
20170420,1516,FR,1
20170426,1516,FR,1
20170427,1516,FR,1
20170501,1516,FR,1
20170611,1516,FR,1
20170808,1516,FR,1
20170813,1516,FR,1
20170814,1516,FR,1
20170903,1516,FR,2
20170904,1516,FR,1
20170905,1516,FR,1
20170907,1516,FR,1
20170908,1516,FR,1
20170911,1516,FR,2
20170912,1516,FR,1
20170913,1516,FR,1
20170916,1516,FR,3
20170918,1516,FR,3
20170920,1516,FR,1
20170922,1516,FR,1
20170928,1516,FR,1
20170930,1516,FR,1
20171001,1516,FR,2
20171002,1516,FR,1
20171004,1516,FR,2
20171005,1516,FR,4
20171006,1516,FR,1
20171008,1516,FR,2
20171009,1516,FR,4
20171015,1516,FR,1
20171018,1516,FR,1
20171021,1516,FR,1
20171023,1516,FR,1
20171026,1516,FR,1
20171103,1516,FR,2
20171109,1516,FR,2
20171117,1516,FR,1
20171119,1516,FR,1
20171120,1516,FR,3
20171124,1516,FR,6
20171130,1516,FR,1
20171201,1516,FR,3
20171204,1516,FR,1
20171210,1516,FR,1
20171212,1516,FR,1
20171217,1516,FR,3
20171218,1516,FR,3
20180105,1516,FR,1
20180113,1516,FR,4
20180114,1516,FR,2
20180115,1516,FR,1
20180117,1516,FR,4
20180120,1516,FR,3
20180121,1516,FR,4
20180123,1516,FR,1
20180124,1516,FR,2
20180125,1516,FR,2
20180126,1516,FR,1
20180127,1516,FR,4
20180128,1516,FR,4
20180129,1516,FR,2
20180130,1516,FR,2
20180201,1516,FR,1
20180202,1516,FR,1
20180203,1516,FR,2
20180204,1516,FR,4
20180206,1516,FR,2
20180207,1516,FR,3
20180208,1516,FR,3
20180210,1516,FR,4
20180212,1516,FR,2
20180213,1516,FR,3
20180214,1516,FR,4
20180215,1516,FR,2
20180216,1516,FR,2
20180217,1516,FR,1
20180218,1516,FR,7
20180219,1516,FR,6
20180220,1516,FR,8
20180224,1516,FR,1
20180225,1516,FR,2
20180226,1516,FR,2
20180227,1516,FR,1
20180228,1516,FR,1
20180301,1516,FR,1
20180303,1516,FR,1
20180304,1516,FR,1
20180305,1516,FR,1
20180307,1516,FR,1
20180310,1516,FR,1
20180313,1516,FR,1
20180314,1516,FR,1
20180317,1516,FR,1
20180318,1516,FR,1
20180330,1516,FR,1
20180406,1516,FR,1
20180409,1516,FR,3
20180418,1516,FR,1
20180521,1516,FR,1
20180526,1516,FR,1
20180705,1516,FR,1
20180708,1516,FR,2
20180814,1516,FR,2
20180912,1516,FR,2
20180916,1516,FR,3
20180918,1516,FR,1
20180919,1516,FR,1
20180920,1516,FR,1
20180923,1516,FR,1
20180925,1516,FR,2
20180926,1516,FR,2
20180928,1516,FR,2
20180929,1516,FR,8
20180930,1516,FR,13
20181001,1516,FR,6
20181002,1516,FR,15
20181003,1516,FR,2
20181004,1516,FR,1
20181005,1516,FR,1
20181006,1516,FR,3
20181007,1516,FR,3
20181009,1516,FR,2
20181012,1516,FR,3
20181013,1516,FR,3
20181014,1516,FR,2
20181016,1516,FR,1
20181017,1516,FR,2
20181018,1516,FR,1
20181020,1516,FR,1
20181022,1516,FR,1
20181023,1516,FR,2
20181024,1516,FR,2
20181026,1516,FR,2
20181027,1516,FR,2
20181029,1516,FR,1
20181030,1516,FR,3
20181031,1516,FR,1
20181102,1516,FR,1
20181103,1516,FR,2
20181107,1516,FR,1
20181111,1516,FR,1
20181115,1516,FR,2
20181123,1516,FR,1
20181124,1516,FR,1
20181130,1516,FR,1
20181201,1516,FR,1
20181202,1516,FR,1
20181203,1516,FR,1
20181204,1516,FR,1
20181205,1516,FR,2
20181208,1516,FR,3
20181209,1516,FR,5
20181210,1516,FR,1
20181211,1516,FR,5
20181212,1516,FR,4
20181213,1516,FR,4
20181214,1516,FR,4
20181215,1516,FR,6
20181216,1516,FR,6
20181217,1516,FR,3
20181218,1516,FR,3
20181219,1516,FR,3
20181220,1516,FR,1
20181221,1516,FR,4
20181222,1516,FR,1
20181223,1516,FR,4
20181224,1516,FR,2
20181225,1516,FR,2
20181226,1516,FR,2
20181227,1516,FR,6
20181228,1516,FR,2
20181229,1516,FR,1
20181230,1516,FR,2
20190101,1516,FR,3
20190102,1516,FR,6
20190103,1516,FR,5
20190104,1516,FR,2
20190105,1516,FR,1
20190106,1516,FR,3
20190109,1516,FR,29
20190110,1516,FR,6
20190111,1516,FR,5
20190112,1516,FR,4
20190113,1516,FR,8
20190114,1516,FR,8
20190115,1516,FR,2
20190116,1516,FR,1
20190117,1516,FR,5
20190118,1516,FR,20
20190119,1516,FR,2
20190120,1516,FR,1
20190122,1516,FR,6
20190123,1516,FR,7
20190124,1516,FR,4
20190125,1516,FR,8
20190126,1516,FR,5
20190127,1516,FR,5
20190128,1516,FR,2
20190129,1516,FR,7
20190130,1516,FR,8
20190131,1516,FR,2
20190201,1516,FR,6
20190202,1516,FR,11
20190203,1516,FR,12
20190204,1516,FR,10
20190205,1516,FR,4
20190206,1516,FR,3
20190207,1516,FR,5
20190208,1516,FR,3
20190209,1516,FR,2
20190210,1516,FR,4
20190211,1516,FR,3
20190212,1516,FR,4
20190213,1516,FR,6
20170102,1579,FR,1
20170111,1579,FR,1
20170113,1579,FR,2
20170114,1579,FR,2
20170115,1579,FR,1
20170119,1579,FR,1
20170121,1579,FR,1
20170123,1579,FR,1
20170128,1579,FR,1
20170131,1579,FR,1
20170217,1579,FR,1
20170220,1579,FR,1
20170221,1579,FR,1
20170224,1579,FR,1
20170225,1579,FR,1
20170227,1579,FR,1
20170228,1579,FR,1
20170301,1579,FR,1
20170314,1579,FR,1
20170321,1579,FR,1
20170327,1579,FR,1
20170329,1579,FR,1
20170330,1579,FR,1
20170401,1579,FR,1
20170410,1579,FR,1
20170411,1579,FR,1
20170417,1579,FR,1
20170506,1579,FR,1
20170515,1579,FR,2
20170518,1579,FR,3
20170519,1579,FR,1
20170522,1579,FR,1
20170529,1579,FR,1
20170530,1579,FR,2
20170603,1579,FR,1
20170606,1579,FR,1
20170614,1579,FR,1
20170615,1579,FR,1
20170620,1579,FR,1
20170623,1579,FR,1
20170625,1579,FR,1
20170628,1579,FR,3
20170629,1579,FR,1
20170704,1579,FR,1
20170706,1579,FR,1
20170708,1579,FR,1
20170716,1579,FR,1
20170717,1579,FR,1
20170719,1579,FR,2
20170720,1579,FR,1
20170727,1579,FR,1
20170729,1579,FR,1
20170817,1579,FR,1
20170819,1579,FR,1
20170826,1579,FR,1
20170830,1579,FR,1
20170910,1579,FR,1
20170913,1579,FR,1
20170914,1579,FR,1
20170917,1579,FR,3
20170918,1579,FR,1
20170924,1579,FR,1
20170926,1579,FR,1
20170929,1579,FR,1
20171002,1579,FR,1
20171004,1579,FR,1
20171009,1579,FR,1
20171011,1579,FR,1
20171012,1579,FR,1
20171013,1579,FR,1
20171015,1579,FR,2
20171017,1579,FR,1
20171021,1579,FR,1
20171025,1579,FR,2
20171027,1579,FR,1
20171029,1579,FR,2
20171030,1579,FR,1
20171103,1579,FR,1
20171105,1579,FR,1
20171116,1579,FR,1
20171117,1579,FR,2
20171118,1579,FR,1
20171124,1579,FR,2
20171202,1579,FR,1
20171204,1579,FR,1
20171206,1579,FR,1
20171211,1579,FR,2
20171213,1579,FR,1
20171215,1579,FR,1
20171216,1579,FR,1
20171217,1579,FR,2
20171218,1579,FR,2
20171219,1579,FR,1
20171224,1579,FR,1
20171226,1579,FR,1
20180101,1579,FR,1
20180107,1579,FR,1
20180109,1579,FR,1
20180110,1579,FR,2
20180111,1579,FR,2
20180112,1579,FR,1
20180114,1579,FR,1
20180116,1579,FR,1
20180117,1579,FR,1
20180121,1579,FR,1
20180203,1579,FR,2
20180205,1579,FR,1
20180207,1579,FR,2
20180217,1579,FR,2
20180218,1579,FR,1
20180220,1579,FR,1
20180225,1579,FR,1
20180303,1579,FR,2
20180306,1579,FR,1
20180307,1579,FR,1
20180308,1579,FR,1
20180309,1579,FR,1
20180313,1579,FR,1
20180318,1579,FR,2
20180319,1579,FR,1
20180321,1579,FR,1
20180325,1579,FR,1
20180326,1579,FR,1
20180327,1579,FR,1
20180328,1579,FR,1
20180330,1579,FR,1
20180403,1579,FR,1
20180404,1579,FR,1
20180406,1579,FR,1
20180411,1579,FR,2
20180412,1579,FR,1
20180414,1579,FR,1
20180417,1579,FR,1
20180421,1579,FR,2
20180423,1579,FR,1
20180426,1579,FR,1
20180427,1579,FR,1
20180501,1579,FR,1
20180504,1579,FR,1
20180505,1579,FR,1
20180507,1579,FR,1
20180509,1579,FR,1
20180514,1579,FR,1
20180521,1579,FR,1
20180523,1579,FR,1
20180524,1579,FR,1
20180525,1579,FR,1
20180527,1579,FR,1
20180528,1579,FR,3
20180529,1579,FR,2
20180601,1579,FR,3
20180602,1579,FR,1
20180603,1579,FR,1
20180605,1579,FR,3
20180607,1579,FR,2
20180608,1579,FR,3
20180609,1579,FR,1
20180610,1579,FR,2
20180621,1579,FR,1
20180622,1579,FR,1
20180624,1579,FR,1
20180627,1579,FR,1
20180629,1579,FR,1
20180630,1579,FR,1
20180728,1579,FR,2
20180730,1579,FR,1
20180803,1579,FR,1
20180811,1579,FR,1
20180812,1579,FR,1
20180815,1579,FR,1
20180816,1579,FR,2
20180821,1579,FR,3
20180824,1579,FR,1
20180827,1579,FR,3
20180828,1579,FR,1
20180829,1579,FR,1
20180830,1579,FR,1
20180901,1579,FR,2
20180902,1579,FR,1
20180914,1579,FR,1
20180921,1579,FR,1
20181003,1579,FR,1
20181004,1579,FR,1
20181007,1579,FR,2
20181010,1579,FR,1
20181018,1579,FR,2
20181021,1579,FR,1
20181024,1579,FR,1
20181025,1579,FR,3
20181026,1579,FR,1
20181027,1579,FR,1
20181029,1579,FR,1
20181030,1579,FR,3
20181101,1579,FR,2
20181103,1579,FR,1
20181104,1579,FR,2
20181105,1579,FR,1
20181106,1579,FR,1
20181111,1579,FR,1
20181112,1579,FR,1
20181114,1579,FR,1
20181122,1579,FR,1
20181123,1579,FR,3
20181125,1579,FR,2
20181126,1579,FR,1
20181127,1579,FR,1
20181201,1579,FR,1
20181203,1579,FR,1
20181205,1579,FR,2
20181209,1579,FR,1
20181215,1579,FR,2
20181216,1579,FR,1
20181219,1579,FR,1
20181222,1579,FR,1
20190102,1579,FR,2
20190110,1579,FR,1
20190112,1579,FR,3
20190118,1579,FR,2
20190119,1579,FR,3
20190122,1579,FR,1
20190124,1579,FR,1
20190125,1579,FR,3
20190126,1579,FR,1
20190127,1579,FR,2
20190128,1579,FR,1
20190129,1579,FR,3
20190130,1579,FR,1
20190131,1579,FR,1
20190202,1579,FR,3
20190203,1579,FR,1
20190204,1579,FR,5
20190206,1579,FR,1
20190208,1579,FR,2
20190209,1579,FR,1
20190210,1579,FR,4
20190211,1579,FR,1
20190212,1579,FR,1
20180313,1923,FR,1
20180316,1923,FR,1
20180317,1923,FR,2
20180320,1923,FR,1
20180321,1923,FR,1
20180323,1923,FR,1
20180325,1923,FR,2
20180326,1923,FR,3
20180330,1923,FR,1
20180402,1923,FR,1
20180403,1923,FR,1
20180405,1923,FR,1
20180408,1923,FR,1
20180409,1923,FR,1
20180410,1923,FR,3
20180411,1923,FR,1
20180412,1923,FR,1
20180413,1923,FR,7
20180415,1923,FR,5
20180416,1923,FR,2
20180417,1923,FR,3
20180418,1923,FR,5
20180419,1923,FR,3
20180420,1923,FR,11
20180421,1923,FR,5
20180422,1923,FR,5
20180423,1923,FR,3
20180424,1923,FR,3
20180425,1923,FR,3
20180426,1923,FR,4
20180428,1923,FR,2
20180429,1923,FR,4
20180430,1923,FR,5
20180501,1923,FR,4
20180502,1923,FR,3
20180503,1923,FR,4
20180504,1923,FR,1
20180505,1923,FR,2
20180506,1923,FR,5
20180507,1923,FR,1
20180508,1923,FR,2
20180509,1923,FR,3
20180510,1923,FR,2
20180512,1923,FR,3
20180513,1923,FR,3
20180514,1923,FR,2
20180515,1923,FR,4
20180516,1923,FR,1
20180517,1923,FR,2
20180518,1923,FR,1
20180520,1923,FR,5
20180521,1923,FR,3
20180522,1923,FR,3
20180523,1923,FR,6
20180524,1923,FR,3
20180525,1923,FR,1
20180526,1923,FR,3
20180527,1923,FR,2
20180528,1923,FR,2
20180529,1923,FR,2
20180530,1923,FR,4
20180531,1923,FR,3
20180601,1923,FR,5
20180602,1923,FR,1
20180603,1923,FR,3
20180604,1923,FR,3
20180605,1923,FR,3
20180606,1923,FR,6
20180607,1923,FR,5
20180608,1923,FR,2
20180609,1923,FR,5
20180610,1923,FR,10
20180611,1923,FR,4
20180612,1923,FR,6
20180613,1923,FR,1
20180614,1923,FR,3
20180615,1923,FR,1
20180616,1923,FR,2
20180618,1923,FR,2
20180619,1923,FR,3
20180620,1923,FR,2
20180622,1923,FR,1
20180623,1923,FR,1
20180624,1923,FR,1
20180627,1923,FR,13
20180628,1923,FR,2
20180629,1923,FR,5
20180630,1923,FR,5
20180701,1923,FR,1
20180702,1923,FR,3
20180703,1923,FR,10
20180704,1923,FR,8
20180705,1923,FR,2
20180706,1923,FR,3
20180707,1923,FR,3
20180708,1923,FR,3
20180709,1923,FR,9
20180710,1923,FR,5
20180711,1923,FR,4
20180712,1923,FR,5
20180713,1923,FR,5
20180714,1923,FR,4
20180715,1923,FR,2
20180716,1923,FR,2
20180717,1923,FR,4
20180718,1923,FR,5
20180719,1923,FR,2
20180720,1923,FR,2
20180721,1923,FR,2
20180722,1923,FR,1
20180723,1923,FR,5
20180725,1923,FR,2
20180726,1923,FR,2
20180727,1923,FR,1
20180728,1923,FR,3
20180729,1923,FR,3
20180730,1923,FR,3
20180731,1923,FR,1
20180802,1923,FR,2
20180803,1923,FR,1
20180805,1923,FR,2
20180806,1923,FR,1
20180807,1923,FR,3
20180808,1923,FR,1
20180809,1923,FR,1
20180810,1923,FR,1
20180812,1923,FR,1
20180814,1923,FR,2
20180817,1923,FR,1
20180819,1923,FR,1
20180820,1923,FR,2
20180821,1923,FR,1
20180822,1923,FR,2
20180826,1923,FR,2
20180827,1923,FR,7
20180828,1923,FR,3
20180829,1923,FR,3
20180830,1923,FR,3
20180831,1923,FR,2
20180901,1923,FR,2
20180902,1923,FR,3
20180903,1923,FR,3
20180904,1923,FR,2
20180907,1923,FR,1
20180908,1923,FR,1
20180912,1923,FR,2
20180915,1923,FR,1
20180917,1923,FR,1
20180918,1923,FR,4
20180920,1923,FR,2
20180922,1923,FR,3
20180923,1923,FR,2
20180924,1923,FR,1
20180929,1923,FR,1
20180930,1923,FR,1
20181003,1923,FR,1
20181005,1923,FR,2
20181006,1923,FR,1
20181007,1923,FR,2
20181009,1923,FR,1
20181010,1923,FR,1
20181014,1923,FR,3
20181016,1923,FR,1
20181017,1923,FR,5
20181018,1923,FR,1
20181019,1923,FR,4
20181020,1923,FR,6
20181021,1923,FR,9
20181022,1923,FR,8
20181023,1923,FR,3
20181024,1923,FR,8
20181025,1923,FR,1
20181026,1923,FR,2
20181027,1923,FR,7
20181028,1923,FR,3
20181029,1923,FR,2
20181030,1923,FR,3
20181031,1923,FR,1
20181101,1923,FR,1
20181102,1923,FR,2
20181105,1923,FR,1
20181106,1923,FR,1
20181107,1923,FR,1
20181113,1923,FR,2
20181118,1923,FR,1
20181119,1923,FR,4
20181121,1923,FR,1
20181122,1923,FR,4
20181123,1923,FR,13
20181124,1923,FR,1
20181126,1923,FR,2
20181127,1923,FR,3
20181128,1923,FR,1
20181129,1923,FR,1
20181130,1923,FR,2
20181202,1923,FR,2
20181204,1923,FR,1
20181207,1923,FR,3
20181208,1923,FR,3
20181210,1923,FR,2
20181212,1923,FR,6
20181213,1923,FR,5
20181214,1923,FR,8
20181215,1923,FR,7
20181216,1923,FR,21
20181217,1923,FR,10
20181218,1923,FR,8
20181219,1923,FR,1
20181221,1923,FR,1
20181223,1923,FR,2
20181226,1923,FR,1
20181227,1923,FR,2
20181228,1923,FR,1
20190104,1923,FR,1
20190109,1923,FR,6
20190110,1923,FR,3
20190112,1923,FR,4
20190115,1923,FR,1
20190116,1923,FR,2
20190117,1923,FR,16
20190118,1923,FR,4
20190119,1923,FR,4
20190120,1923,FR,3
20190121,1923,FR,1
20190122,1923,FR,1
20190124,1923,FR,2
20190125,1923,FR,2
20190126,1923,FR,2
20190201,1923,FR,1
20190202,1923,FR,2
20190204,1923,FR,1
20190208,1923,FR,2
20190209,1923,FR,2
20190210,1923,FR,2
20190213,1923,FR,1
20170103,332,SE,1
20170104,332,SE,3
20170106,332,SE,2
20170111,332,SE,4
20170112,332,SE,1
20170116,332,SE,1
20170117,332,SE,2
20170118,332,SE,1
20170120,332,SE,2
20170122,332,SE,1
20170129,332,SE,2
20170130,332,SE,1
20170202,332,SE,1
20170203,332,SE,1
20170206,332,SE,1
20170213,332,SE,2
20170214,332,SE,2
20170219,332,SE,1
20170224,332,SE,1
20170226,332,SE,1
20170227,332,SE,1
20170228,332,SE,1
20170301,332,SE,1
20170303,332,SE,1
20170304,332,SE,3
20170306,332,SE,3
20170309,332,SE,1
20170311,332,SE,1
20170312,332,SE,2
20170314,332,SE,1
20170318,332,SE,1
20170319,332,SE,1
20170321,332,SE,1
20170322,332,SE,1
20170324,332,SE,2
20170325,332,SE,1
20170326,332,SE,2
20170327,332,SE,1
20170328,332,SE,1
20170329,332,SE,2
20170330,332,SE,1
20170331,332,SE,1
20170403,332,SE,1
20170405,332,SE,1
20170406,332,SE,1
20170413,332,SE,2
20170418,332,SE,1
20170419,332,SE,2
20170420,332,SE,1
20170421,332,SE,1
20170426,332,SE,2
20170429,332,SE,4
20170501,332,SE,2
20170503,332,SE,1
20170506,332,SE,1
20170507,332,SE,1
20170509,332,SE,1
20170511,332,SE,1
20170515,332,SE,1
20170516,332,SE,2
20170518,332,SE,2
20170519,332,SE,4
20170520,332,SE,1
20170521,332,SE,2
20170524,332,SE,2
20170525,332,SE,1
20170526,332,SE,1
20170527,332,SE,2
20170529,332,SE,1
20170531,332,SE,2
20170601,332,SE,1
20170604,332,SE,1
20170606,332,SE,1
20170607,332,SE,1
20170608,332,SE,2
20170610,332,SE,3
20170612,332,SE,1
20170613,332,SE,2
20170616,332,SE,1
20170618,332,SE,2
20170619,332,SE,1
20170621,332,SE,1
20170622,332,SE,1
20170625,332,SE,1
20170706,332,SE,1
20170712,332,SE,1
20170715,332,SE,2
20170721,332,SE,1
20170731,332,SE,1
20170813,332,SE,1
20170824,332,SE,1
20170830,332,SE,1
20170901,332,SE,2
20171017,332,SE,1
20171022,332,SE,1
20171106,332,SE,1
20171112,332,SE,1
20171114,332,SE,1
20171123,332,SE,1
20171125,332,SE,1
20171126,332,SE,1
20171204,332,SE,1
20171213,332,SE,2
20171215,332,SE,1
20171226,332,SE,1
20171228,332,SE,1
20171229,332,SE,1
20180123,332,SE,1
20180201,332,SE,1
20180206,332,SE,1
20180207,332,SE,1
20180209,332,SE,1
20180220,332,SE,1
20180221,332,SE,1
20180224,332,SE,1
20180226,332,SE,1
20180306,332,SE,2
20180312,332,SE,2
20180313,332,SE,1
20180314,332,SE,3
20180317,332,SE,3
20180320,332,SE,2
20180322,332,SE,2
20180323,332,SE,1
20180324,332,SE,3
20180326,332,SE,1
20180329,332,SE,1
20180330,332,SE,2
20180403,332,SE,1
20180404,332,SE,1
20180407,332,SE,2
20180408,332,SE,2
20180410,332,SE,1
20180411,332,SE,2
20180414,332,SE,1
20180416,332,SE,1
20180418,332,SE,1
20180419,332,SE,1
20180420,332,SE,2
20180424,332,SE,3
20180425,332,SE,1
20180428,332,SE,1
20180429,332,SE,1
20180503,332,SE,1
20180506,332,SE,1
20180509,332,SE,2
20180511,332,SE,2
20180514,332,SE,1
20180517,332,SE,1
20180518,332,SE,1
20180520,332,SE,1
20180521,332,SE,4
20180522,332,SE,2
20180523,332,SE,1
20180524,332,SE,1
20180525,332,SE,3
20180527,332,SE,1
20180528,332,SE,3
20180529,332,SE,3
20180530,332,SE,1
20180531,332,SE,2
20180601,332,SE,1
20180604,332,SE,1
20180605,332,SE,2
20180606,332,SE,3
20180607,332,SE,2
20180609,332,SE,1
20180610,332,SE,1
20180612,332,SE,1
20180613,332,SE,2
20180615,332,SE,1
20180616,332,SE,1
20180617,332,SE,2
20180620,332,SE,1
20180624,332,SE,1
20180625,332,SE,1
20180626,332,SE,1
20180705,332,SE,1
20180714,332,SE,1
20180718,332,SE,3
20180720,332,SE,1
20180726,332,SE,3
20180728,332,SE,1
20180802,332,SE,1
20180803,332,SE,2
20180806,332,SE,3
20180809,332,SE,1
20180812,332,SE,1
20180815,332,SE,1
20180819,332,SE,2
20180821,332,SE,1
20180828,332,SE,1
20180829,332,SE,1
20180906,332,SE,2
20180911,332,SE,1
20180913,332,SE,2
20180914,332,SE,1
20180922,332,SE,1
20180923,332,SE,1
20180930,332,SE,1
20181007,332,SE,2
20181012,332,SE,3
20181013,332,SE,1
20181014,332,SE,2
20181015,332,SE,1
20181016,332,SE,1
20181017,332,SE,1
20181018,332,SE,1
20181019,332,SE,3
20181020,332,SE,1
20181021,332,SE,1
20181022,332,SE,1
20181024,332,SE,2
20181025,332,SE,3
20181026,332,SE,1
20181027,332,SE,1
20181028,332,SE,3
20181029,332,SE,2
20181031,332,SE,1
20181102,332,SE,1
20181105,332,SE,1
20181108,332,SE,1
20181111,332,SE,1
20181119,332,SE,1
20181124,332,SE,1
20181126,332,SE,1
20181202,332,SE,2
20181203,332,SE,1
20181204,332,SE,1
20181205,332,SE,1
20181208,332,SE,1
20181209,332,SE,1
20181210,332,SE,2
20181212,332,SE,1
20181214,332,SE,2
20181217,332,SE,1
20181218,332,SE,1
20181220,332,SE,1
20181223,332,SE,1
20181225,332,SE,1
20181226,332,SE,1
20181227,332,SE,1
20190101,332,SE,3
20190105,332,SE,2
20190106,332,SE,1
20190113,332,SE,1
20190114,332,SE,2
20190115,332,SE,1
20190117,332,SE,1
20190118,332,SE,2
20190119,332,SE,2
20190120,332,SE,2
20190121,332,SE,1
20190122,332,SE,1
20190123,332,SE,1
20190124,332,SE,1
20190125,332,SE,1
20190127,332,SE,2
20190131,332,SE,1
20190202,332,SE,2
20190203,332,SE,1
20190204,332,SE,1
20190208,332,SE,2
20190209,332,SE,2
20190211,332,SE,1
20170524,2902,SE,1
20170526,2902,SE,1
20170527,2902,SE,2
20170528,2902,SE,4
20170529,2902,SE,1
20170530,2902,SE,5
20170531,2902,SE,5
20170601,2902,SE,5
20170602,2902,SE,4
20170603,2902,SE,2
20170604,2902,SE,8
20170605,2902,SE,2
20170606,2902,SE,2
20170607,2902,SE,1
20170608,2902,SE,2
20170609,2902,SE,2
20170610,2902,SE,2
20170614,2902,SE,1
20170619,2902,SE,2
20170621,2902,SE,1
20170624,2902,SE,2
20170625,2902,SE,1
20170626,2902,SE,2
20170627,2902,SE,2
20170628,2902,SE,1
20170629,2902,SE,1
20170705,2902,SE,1
20170706,2902,SE,1
20170711,2902,SE,1
20170713,2902,SE,1
20170716,2902,SE,1
20170719,2902,SE,1
20170721,2902,SE,3
20170722,2902,SE,1
20170724,2902,SE,1
20170725,2902,SE,2
20170728,2902,SE,1
20170729,2902,SE,1
20170730,2902,SE,1
20170803,2902,SE,2
20170804,2902,SE,5
20170805,2902,SE,1
20170807,2902,SE,3
20170808,2902,SE,1
20170809,2902,SE,2
20170810,2902,SE,2
20170811,2902,SE,1
20170812,2902,SE,1
20170813,2902,SE,2
20170815,2902,SE,1
20170816,2902,SE,2
20170818,2902,SE,2
20170819,2902,SE,2
20170820,2902,SE,1
20170822,2902,SE,2
20170823,2902,SE,1
20170825,2902,SE,1
20170826,2902,SE,2
20170827,2902,SE,2
20170828,2902,SE,2
20170829,2902,SE,2
20170830,2902,SE,1
20170831,2902,SE,1
20170902,2902,SE,1
20170903,2902,SE,2
20170904,2902,SE,1
20170907,2902,SE,1
20170908,2902,SE,1
20170910,2902,SE,1
20170911,2902,SE,1
20170913,2902,SE,2
20170914,2902,SE,1
20170916,2902,SE,1
20170917,2902,SE,2
20170918,2902,SE,3
20170920,2902,SE,3
20170922,2902,SE,1
20170923,2902,SE,1
20170924,2902,SE,1
20170927,2902,SE,1
20170928,2902,SE,1
20171006,2902,SE,1
20171008,2902,SE,2
20171014,2902,SE,1
20171015,2902,SE,2
20171020,2902,SE,1
20171021,2902,SE,1
20171022,2902,SE,6
20171023,2902,SE,1
20171025,2902,SE,1
20171027,2902,SE,1
20171105,2902,SE,1
20171109,2902,SE,1
20171113,2902,SE,1
20171114,2902,SE,1
20171121,2902,SE,1
20171123,2902,SE,1
20171126,2902,SE,2
20171130,2902,SE,1
20171203,2902,SE,1
20171204,2902,SE,1
20171205,2902,SE,1
20171210,2902,SE,1
20171212,2902,SE,1
20171213,2902,SE,1
20171215,2902,SE,1
20180104,2902,SE,1
20180105,2902,SE,1
20180107,2902,SE,3
20180108,2902,SE,1
20180110,2902,SE,1
20180114,2902,SE,1
20180116,2902,SE,1
20180119,2902,SE,1
20180121,2902,SE,2
20180124,2902,SE,1
20180127,2902,SE,2
20180129,2902,SE,2
20180130,2902,SE,1
20180131,2902,SE,1
20180202,2902,SE,3
20180203,2902,SE,2
20180205,2902,SE,2
20180206,2902,SE,1
20180208,2902,SE,1
20180211,2902,SE,2
20180212,2902,SE,1
20180214,2902,SE,1
20180215,2902,SE,3
20180217,2902,SE,1
20180219,2902,SE,2
20180220,2902,SE,2
20180221,2902,SE,1
20180222,2902,SE,1
20180225,2902,SE,1
20180228,2902,SE,1
20180304,2902,SE,3
20180305,2902,SE,1
20180307,2902,SE,3
20180308,2902,SE,1
20180311,2902,SE,1
20180312,2902,SE,3
20180313,2902,SE,1
20180314,2902,SE,1
20180318,2902,SE,2
20180319,2902,SE,1
20180320,2902,SE,3
20180321,2902,SE,2
20180323,2902,SE,2
20180325,2902,SE,1
20180329,2902,SE,1
20180330,2902,SE,2
20180401,2902,SE,2
20180402,2902,SE,1
20180403,2902,SE,1
20180404,2902,SE,1
20180405,2902,SE,3
20180409,2902,SE,2
20180411,2902,SE,1
20180414,2902,SE,3
20180415,2902,SE,3
20180416,2902,SE,3
20180417,2902,SE,4
20180418,2902,SE,2
20180419,2902,SE,4
20180421,2902,SE,1
20180422,2902,SE,2
20180423,2902,SE,4
20180424,2902,SE,2
20180425,2902,SE,2
20180426,2902,SE,1
20180428,2902,SE,1
20180430,2902,SE,2
20180501,2902,SE,3
20180505,2902,SE,1
20180506,2902,SE,2
20180507,2902,SE,1
20180508,2902,SE,1
20180509,2902,SE,1
20180511,2902,SE,1
20180522,2902,SE,1
20180523,2902,SE,1
20180601,2902,SE,1
20180602,2902,SE,2
20180606,2902,SE,1
20180608,2902,SE,2
20180610,2902,SE,1
20180614,2902,SE,1
20180619,2902,SE,3
20180623,2902,SE,1
20180626,2902,SE,1
20180629,2902,SE,1
20180705,2902,SE,1
20180707,2902,SE,1
20180717,2902,SE,1
20180725,2902,SE,2
20180730,2902,SE,1
20180807,2902,SE,1
20180812,2902,SE,1
20180814,2902,SE,1
20180818,2902,SE,1
20180824,2902,SE,1
20180903,2902,SE,1
20180907,2902,SE,1
20180915,2902,SE,1
20180917,2902,SE,2
20180924,2902,SE,1
20181013,2902,SE,1
20181020,2902,SE,1
20181022,2902,SE,2
20181023,2902,SE,2
20181024,2902,SE,1
20181027,2902,SE,1
20181029,2902,SE,1
20181104,2902,SE,1
20181107,2902,SE,1
20181110,2902,SE,1
20181111,2902,SE,1
20181113,2902,SE,1
20181114,2902,SE,2
20181115,2902,SE,4
20181116,2902,SE,3
20181118,2902,SE,6
20181119,2902,SE,1
20181122,2902,SE,1
20181123,2902,SE,10
20181124,2902,SE,7
20181125,2902,SE,3
20181126,2902,SE,12
20181127,2902,SE,3
20181128,2902,SE,1
20181129,2902,SE,1
20181201,2902,SE,1
20181203,2902,SE,1
20181206,2902,SE,1
20181207,2902,SE,1
20181208,2902,SE,2
20181209,2902,SE,5
20181211,2902,SE,1
20181212,2902,SE,2
20181216,2902,SE,2
20181217,2902,SE,2
20181219,2902,SE,1
20181221,2902,SE,1
20181225,2902,SE,1
20181226,2902,SE,1
20181227,2902,SE,2
20181228,2902,SE,1
20190102,2902,SE,1
20190104,2902,SE,1
20190106,2902,SE,8
20190107,2902,SE,2
20190108,2902,SE,2
20190109,2902,SE,5
20190115,2902,SE,1
20190117,2902,SE,1
20190120,2902,SE,1
20190121,2902,SE,2
20190126,2902,SE,1
20190127,2902,SE,1
20190128,2902,SE,1
20190129,2902,SE,1
20190130,2902,SE,1
20190201,2902,SE,1
20190202,2902,SE,1
20190204,2902,SE,1
20190207,2902,SE,2
20190209,2902,SE,1
20170207,3446,SE,1
20170208,3446,SE,2
20170211,3446,SE,1
20170214,3446,SE,1
20170215,3446,SE,2
20170216,3446,SE,1
20170217,3446,SE,1
20170219,3446,SE,4
20170220,3446,SE,4
20170221,3446,SE,2
20170223,3446,SE,3
20170224,3446,SE,1
20170225,3446,SE,1
20170226,3446,SE,5
20170227,3446,SE,1
20170228,3446,SE,2
20170302,3446,SE,2
20170304,3446,SE,1
20170305,3446,SE,1
20170306,3446,SE,1
20170307,3446,SE,1
20170308,3446,SE,3
20170310,3446,SE,1
20170311,3446,SE,1
20170312,3446,SE,3
20170313,3446,SE,4
20170314,3446,SE,1
20170318,3446,SE,4
20170319,3446,SE,2
20170320,3446,SE,1
20170321,3446,SE,4
20170322,3446,SE,1
20170323,3446,SE,3
20170325,3446,SE,5
20170327,3446,SE,3
20170328,3446,SE,5
20170329,3446,SE,3
20170330,3446,SE,4
20170331,3446,SE,3
20170401,3446,SE,2
20170402,3446,SE,2
20170405,3446,SE,2
20170408,3446,SE,3
20170409,3446,SE,2
20170411,3446,SE,1
20170412,3446,SE,1
20170415,3446,SE,1
20170416,3446,SE,1
20170417,3446,SE,1
20170419,3446,SE,1
20170420,3446,SE,5
20170421,3446,SE,4
20170422,3446,SE,1
20170423,3446,SE,4
20170426,3446,SE,2
20170427,3446,SE,2
20170428,3446,SE,1
20170429,3446,SE,1
20170501,3446,SE,1
20170502,3446,SE,1
20170504,3446,SE,1
20170505,3446,SE,1
20170507,3446,SE,1
20170508,3446,SE,1
20170509,3446,SE,8
20170510,3446,SE,1
20170515,3446,SE,1
20170518,3446,SE,1
20170519,3446,SE,1
20170520,3446,SE,1
20170522,3446,SE,1
20170524,3446,SE,3
20170527,3446,SE,1
20170530,3446,SE,2
20170531,3446,SE,1
20170602,3446,SE,1
20170606,3446,SE,1
20170608,3446,SE,3
20170609,3446,SE,2
20170611,3446,SE,2
20170612,3446,SE,1
20170613,3446,SE,2
20170614,3446,SE,2
20170615,3446,SE,1
20170619,3446,SE,2
20170620,3446,SE,1
20170623,3446,SE,4
20170624,3446,SE,2
20170627,3446,SE,2
20170628,3446,SE,2
20170701,3446,SE,1
20170703,3446,SE,2
20170706,3446,SE,1
20170707,3446,SE,1
20170708,3446,SE,2
20170709,3446,SE,1
20170711,3446,SE,1
20170715,3446,SE,2
20170716,3446,SE,1
20170718,3446,SE,1
20170719,3446,SE,1
20170720,3446,SE,2
20170723,3446,SE,1
20170725,3446,SE,1
20170728,3446,SE,1
20170801,3446,SE,1
20170802,3446,SE,2
20170811,3446,SE,1
20170813,3446,SE,1
20170817,3446,SE,1
20170819,3446,SE,2
20170821,3446,SE,1
20170825,3446,SE,1
20170827,3446,SE,1
20170830,3446,SE,1
20170904,3446,SE,1
20170905,3446,SE,1
20170907,3446,SE,1
20170920,3446,SE,1
20170922,3446,SE,1
20170924,3446,SE,1
20170930,3446,SE,1
20171001,3446,SE,1
20171002,3446,SE,1
20171015,3446,SE,1
20171016,3446,SE,7
20171017,3446,SE,4
20171019,3446,SE,6
20171020,3446,SE,1
20171021,3446,SE,5
20171022,3446,SE,13
20171023,3446,SE,4
20171024,3446,SE,4
20171025,3446,SE,5
20171026,3446,SE,2
20171028,3446,SE,1
20171029,3446,SE,2
20171030,3446,SE,8
20171031,3446,SE,4
20171101,3446,SE,2
20171102,3446,SE,1
20171103,3446,SE,2
20171104,3446,SE,4
20171105,3446,SE,2
20171106,3446,SE,5
20171107,3446,SE,6
20171109,3446,SE,3
20171110,3446,SE,2
20171111,3446,SE,1
20171112,3446,SE,1
20171114,3446,SE,2
20171116,3446,SE,4
20171117,3446,SE,4
20171118,3446,SE,1
20171119,3446,SE,6
20171120,3446,SE,5
20171121,3446,SE,1
20171122,3446,SE,1
20171123,3446,SE,9
20171124,3446,SE,31
20171125,3446,SE,3
20171126,3446,SE,5
20171127,3446,SE,11
20171128,3446,SE,1
20171130,3446,SE,1
20171204,3446,SE,1
20171207,3446,SE,1
20171210,3446,SE,1
20171211,3446,SE,1
20171226,3446,SE,1
20171229,3446,SE,1
20180107,3446,SE,2
20180108,3446,SE,2
20180109,3446,SE,5
20180110,3446,SE,5
20180111,3446,SE,2
20180112,3446,SE,2
20180114,3446,SE,8
20180115,3446,SE,5
20180116,3446,SE,2
20180117,3446,SE,1
20180118,3446,SE,4
20180119,3446,SE,2
20180121,3446,SE,5
20180122,3446,SE,3
20180123,3446,SE,4
20180124,3446,SE,7
20180125,3446,SE,6
20180126,3446,SE,1
20180127,3446,SE,1
20180128,3446,SE,3
20180130,3446,SE,6
20180204,3446,SE,3
20180205,3446,SE,2
20180206,3446,SE,2
20180207,3446,SE,1
20180208,3446,SE,1
20180210,3446,SE,2
20180212,3446,SE,1
20180214,3446,SE,1
20180218,3446,SE,1
20180219,3446,SE,1
20180224,3446,SE,1
20180226,3446,SE,1
20180304,3446,SE,1
20180306,3446,SE,1
20180320,3446,SE,1
20180405,3446,SE,1
20180409,3446,SE,2
20180410,3446,SE,2
20180411,3446,SE,4
20180412,3446,SE,1
20180413,3446,SE,1
20180414,3446,SE,1
20180415,3446,SE,1
20180425,3446,SE,2
20180504,3446,SE,1
20180624,3446,SE,1
20180630,3446,SE,1
20180701,3446,SE,1
20180703,3446,SE,1
20180705,3446,SE,1
20180726,3446,SE,1
20180731,3446,SE,1
20180808,3446,SE,1
20180813,3446,SE,1
20180827,3446,SE,1
20180828,3446,SE,1
20180830,3446,SE,1
20180902,3446,SE,1
20180905,3446,SE,2
20180911,3446,SE,1
20180914,3446,SE,1
20180917,3446,SE,1
20180924,3446,SE,1
20180925,3446,SE,1
20180927,3446,SE,1
20181002,3446,SE,1
20181006,3446,SE,1
20181014,3446,SE,1
20181019,3446,SE,1
20181022,3446,SE,1
20181029,3446,SE,1
20181110,3446,SE,1
20181123,3446,SE,2
20181202,3446,SE,1
20181203,3446,SE,1
20181207,3446,SE,1
20181211,3446,SE,2
20181217,3446,SE,1
20181219,3446,SE,2
20190105,3446,SE,1
20190106,3446,SE,4
20190114,3446,SE,1
20190116,3446,SE,1
20190121,3446,SE,1
20190124,3446,SE,1
20190125,3446,SE,1
20190127,3446,SE,1
20190129,3446,SE,1
20190201,3446,SE,1
20170427,3448,SE,1
20170428,3448,SE,2
20170429,3448,SE,2
20170430,3448,SE,4
20170501,3448,SE,7
20170502,3448,SE,4
20170503,3448,SE,8
20170504,3448,SE,2
20170506,3448,SE,2
20170507,3448,SE,3
20170508,3448,SE,1
20170509,3448,SE,4
20170510,3448,SE,4
20170511,3448,SE,2
20170512,3448,SE,4
20170513,3448,SE,4
20170514,3448,SE,4
20170515,3448,SE,5
20170516,3448,SE,6
20170517,3448,SE,2
20170518,3448,SE,6
20170519,3448,SE,2
20170520,3448,SE,1
20170521,3448,SE,5
20170522,3448,SE,1
20170523,3448,SE,3
20170524,3448,SE,2
20170525,3448,SE,3
20170526,3448,SE,1
20170527,3448,SE,1
20170528,3448,SE,1
20170529,3448,SE,5
20170530,3448,SE,5
20170606,3448,SE,4
20170607,3448,SE,4
20170608,3448,SE,3
20170609,3448,SE,2
20170611,3448,SE,1
20170612,3448,SE,3
20170613,3448,SE,1
20170614,3448,SE,4
20170615,3448,SE,1
20170616,3448,SE,4
20170618,3448,SE,1
20170619,3448,SE,2
20170620,3448,SE,1
20170621,3448,SE,1
20170622,3448,SE,5
20170623,3448,SE,1
20170624,3448,SE,2
20170625,3448,SE,1
20170626,3448,SE,2
20170629,3448,SE,1
20170702,3448,SE,1
20170704,3448,SE,1
20170705,3448,SE,1
20170706,3448,SE,1
20170710,3448,SE,1
20170711,3448,SE,2
20170712,3448,SE,3
20170713,3448,SE,1
20170714,3448,SE,1
20170715,3448,SE,1
20170717,3448,SE,1
20170718,3448,SE,2
20170720,3448,SE,1
20170721,3448,SE,1
20170804,3448,SE,1
20170808,3448,SE,2
20170809,3448,SE,1
20170810,3448,SE,1
20170812,3448,SE,1
20170813,3448,SE,1
20170815,3448,SE,4
20170816,3448,SE,2
20170817,3448,SE,4
20170819,3448,SE,1
20170820,3448,SE,1
20170822,3448,SE,3
20170823,3448,SE,2
20170824,3448,SE,2
20170826,3448,SE,1
20170827,3448,SE,3
20170828,3448,SE,6
20170829,3448,SE,2
20170830,3448,SE,1
20170831,3448,SE,8
20170902,3448,SE,4
20170905,3448,SE,1
20170907,3448,SE,2
20170909,3448,SE,1
20170910,3448,SE,1
20170911,3448,SE,2
20170914,3448,SE,2
20170915,3448,SE,1
20170917,3448,SE,1
20170923,3448,SE,1
20170924,3448,SE,1
20170925,3448,SE,2
20170926,3448,SE,3
20170927,3448,SE,1
20170928,3448,SE,2
20170930,3448,SE,1
20171001,3448,SE,1
20171002,3448,SE,4
20171003,3448,SE,2
20171004,3448,SE,8
20171005,3448,SE,1
20171009,3448,SE,2
20171010,3448,SE,1
20171012,3448,SE,1
20171014,3448,SE,1
20171015,3448,SE,1
20171016,3448,SE,1
20171017,3448,SE,1
20171019,3448,SE,1
20171020,3448,SE,2
20171023,3448,SE,2
20171026,3448,SE,1
20171027,3448,SE,1
20171029,3448,SE,1
20171031,3448,SE,1
20171105,3448,SE,2
20171107,3448,SE,1
20171108,3448,SE,1
20171109,3448,SE,1
20171111,3448,SE,1
20171116,3448,SE,1
20171117,3448,SE,1
20171121,3448,SE,1
20171123,3448,SE,1
20171124,3448,SE,2
20171127,3448,SE,1
20171205,3448,SE,1
20171207,3448,SE,1
20171213,3448,SE,1
20171215,3448,SE,2
20171219,3448,SE,1
20171229,3448,SE,1
20180101,3448,SE,2
20180107,3448,SE,3
20180108,3448,SE,2
20180109,3448,SE,2
20180115,3448,SE,1
20180116,3448,SE,1
20180118,3448,SE,1
20180121,3448,SE,2
20180122,3448,SE,2
20180125,3448,SE,1
20180126,3448,SE,2
20180129,3448,SE,1
20180201,3448,SE,1
20180203,3448,SE,1
20180207,3448,SE,1
20180209,3448,SE,2
20180211,3448,SE,1
20180213,3448,SE,3
20180216,3448,SE,1
20180217,3448,SE,1
20180218,3448,SE,5
20180220,3448,SE,2
20180221,3448,SE,2
20180225,3448,SE,2
20180227,3448,SE,1
20180302,3448,SE,1
20180304,3448,SE,1
20180309,3448,SE,2
20180312,3448,SE,1
20180313,3448,SE,2
20180318,3448,SE,2
20180320,3448,SE,1
20180322,3448,SE,1
20180323,3448,SE,3
20180325,3448,SE,2
20180327,3448,SE,1
20180328,3448,SE,2
20180405,3448,SE,1
20180408,3448,SE,2
20180409,3448,SE,2
20180410,3448,SE,2
20180411,3448,SE,7
20180412,3448,SE,2
20180413,3448,SE,3
20180414,3448,SE,4
20180415,3448,SE,5
20180416,3448,SE,2
20180417,3448,SE,1
20180418,3448,SE,3
20180419,3448,SE,2
20180420,3448,SE,2
20180421,3448,SE,4
20180422,3448,SE,2
20180423,3448,SE,1
20180424,3448,SE,1
20180425,3448,SE,8
20180426,3448,SE,1
20180427,3448,SE,1
20180428,3448,SE,2
20180501,3448,SE,3
20180502,3448,SE,3
20180504,3448,SE,1
20180505,3448,SE,1
20180508,3448,SE,1
20180509,3448,SE,1
20180510,3448,SE,1
20180511,3448,SE,2
20180512,3448,SE,2
20180521,3448,SE,2
20180523,3448,SE,2
20180524,3448,SE,3
20180608,3448,SE,5
20180609,3448,SE,3
20180610,3448,SE,1
20180611,3448,SE,1
20180612,3448,SE,2
20180613,3448,SE,2
20180614,3448,SE,3
20180615,3448,SE,2
20180616,3448,SE,3
20180617,3448,SE,7
20180618,3448,SE,10
20180619,3448,SE,4
20180620,3448,SE,6
20180621,3448,SE,2
20180622,3448,SE,7
20180623,3448,SE,1
20180624,3448,SE,10
20180625,3448,SE,26
20180626,3448,SE,15
20180627,3448,SE,4
20180628,3448,SE,4
20180629,3448,SE,17
20180630,3448,SE,10
20180701,3448,SE,12
20180702,3448,SE,19
20180703,3448,SE,15
20180704,3448,SE,18
20180705,3448,SE,8
20180706,3448,SE,1
20180707,3448,SE,1
20180708,3448,SE,1
20180709,3448,SE,1
20180710,3448,SE,1
20180717,3448,SE,1
20180718,3448,SE,1
20180720,3448,SE,3
20180721,3448,SE,1
20180727,3448,SE,2
20180729,3448,SE,2
20180803,3448,SE,1
20180807,3448,SE,1
20180811,3448,SE,1
20180814,3448,SE,1
20180815,3448,SE,1
20180818,3448,SE,1
20180819,3448,SE,1
20180823,3448,SE,2
20180824,3448,SE,1
20180826,3448,SE,3
20180827,3448,SE,2
20180829,3448,SE,1
20180906,3448,SE,3
20180909,3448,SE,1
20180912,3448,SE,1
20180917,3448,SE,1
20180922,3448,SE,1
20180925,3448,SE,1
20180926,3448,SE,3
20180928,3448,SE,2
20180930,3448,SE,1
20181001,3448,SE,1
20181007,3448,SE,1
20181009,3448,SE,1
20181012,3448,SE,1
20181021,3448,SE,1
20181023,3448,SE,1
20181028,3448,SE,1
20181030,3448,SE,2
20181108,3448,SE,1
20181109,3448,SE,1
20181110,3448,SE,3
20181111,3448,SE,7
20181112,3448,SE,11
20181113,3448,SE,7
20181114,3448,SE,1
20181115,3448,SE,7
20181116,3448,SE,8
20181117,3448,SE,10
20181118,3448,SE,6
20181119,3448,SE,10
20181120,3448,SE,5
20181121,3448,SE,9
20181122,3448,SE,22
20181123,3448,SE,101
20181124,3448,SE,17
20181125,3448,SE,20
20181126,3448,SE,32
20181127,3448,SE,21
20181128,3448,SE,2
20181129,3448,SE,5
20181130,3448,SE,1
20181202,3448,SE,1
20181203,3448,SE,2
20181204,3448,SE,5
20181205,3448,SE,1
20181206,3448,SE,2
20181207,3448,SE,1
20181208,3448,SE,1
20181209,3448,SE,2
20181210,3448,SE,1
20181211,3448,SE,4
20181212,3448,SE,3
20181213,3448,SE,2
20181214,3448,SE,1
20181215,3448,SE,2
20181217,3448,SE,2
20181218,3448,SE,4
20181219,3448,SE,1
20181221,3448,SE,1
20181223,3448,SE,1
20181225,3448,SE,5
20181226,3448,SE,3
20181227,3448,SE,2
20181228,3448,SE,2
20181231,3448,SE,1
20190101,3448,SE,2
20190102,3448,SE,2
20190103,3448,SE,5
20190104,3448,SE,1
20190105,3448,SE,1
20190106,3448,SE,2
20190107,3448,SE,2
20190108,3448,SE,1
20190109,3448,SE,1
20190110,3448,SE,4
20190112,3448,SE,1
20190113,3448,SE,1
20190114,3448,SE,2
20190115,3448,SE,1
20190116,3448,SE,1
20190119,3448,SE,3
20190120,3448,SE,4
20190121,3448,SE,1
20190123,3448,SE,5
20190124,3448,SE,2
20190125,3448,SE,1
20190126,3448,SE,2
20190127,3448,SE,5
20190129,3448,SE,3
20190130,3448,SE,8
20190131,3448,SE,2
20190201,3448,SE,1
20190202,3448,SE,4
20190203,3448,SE,3
20190204,3448,SE,5
20190205,3448,SE,1
20190206,3448,SE,5
20190207,3448,SE,2
20190208,3448,SE,4
20190209,3448,SE,3
20190210,3448,SE,6
20190211,3448,SE,1
20180111,4139,SE,1
20180114,4139,SE,1
20180115,4139,SE,1
20180117,4139,SE,3
20180118,4139,SE,1
20180120,4139,SE,1
20180125,4139,SE,1
20180128,4139,SE,6
20180129,4139,SE,1
20180210,4139,SE,5
20180211,4139,SE,4
20180213,4139,SE,1
20180214,4139,SE,1
20180215,4139,SE,1
20180216,4139,SE,2
20180217,4139,SE,1
20180218,4139,SE,3
20180219,4139,SE,4
20180222,4139,SE,1
20180223,4139,SE,1
20180224,4139,SE,3
20180225,4139,SE,1
20180226,4139,SE,1
20180227,4139,SE,2
20180303,4139,SE,1
20180304,4139,SE,1
20180305,4139,SE,1
20180306,4139,SE,1
20180307,4139,SE,1
20180309,4139,SE,1
20180310,4139,SE,1
20180311,4139,SE,1
20180326,4139,SE,3
20180327,4139,SE,1
20180328,4139,SE,1
20180401,4139,SE,3
20180407,4139,SE,1
20180409,4139,SE,1
20180412,4139,SE,1
20180413,4139,SE,5
20180414,4139,SE,2
20180416,4139,SE,2
20180421,4139,SE,1
20180422,4139,SE,4
20180424,4139,SE,2
20180425,4139,SE,1
20180427,4139,SE,2
20180429,4139,SE,1
20180501,4139,SE,1
20180502,4139,SE,3
20180503,4139,SE,1
20180505,4139,SE,1
20180506,4139,SE,2
20180507,4139,SE,1
20180509,4139,SE,1
20180510,4139,SE,1
20180512,4139,SE,1
20180513,4139,SE,2
20180514,4139,SE,1
20180515,4139,SE,1
20180516,4139,SE,3
20180518,4139,SE,4
20180519,4139,SE,2
20180521,4139,SE,2
20180522,4139,SE,2
20180523,4139,SE,2
20180524,4139,SE,1
20180525,4139,SE,1
20180526,4139,SE,2
20180527,4139,SE,1
20180529,4139,SE,3
20180530,4139,SE,1
20180531,4139,SE,1
20180601,4139,SE,1
20180604,4139,SE,5
20180606,4139,SE,2
20180607,4139,SE,4
20180608,4139,SE,4
20180609,4139,SE,5
20180610,4139,SE,7
20180611,4139,SE,7
20180612,4139,SE,3
20180613,4139,SE,6
20180614,4139,SE,3
20180615,4139,SE,2
20180616,4139,SE,2
20180617,4139,SE,6
20180618,4139,SE,5
20180619,4139,SE,2
20180620,4139,SE,1
20180622,4139,SE,1
20180624,4139,SE,2
20180625,4139,SE,2
20180626,4139,SE,4
20180629,4139,SE,4
20180630,4139,SE,3
20180701,4139,SE,2
20180702,4139,SE,5
20180704,4139,SE,3
20180705,4139,SE,4
20180706,4139,SE,1
20180707,4139,SE,2
20180708,4139,SE,8
20180709,4139,SE,9
20180710,4139,SE,5
20180711,4139,SE,5
20180712,4139,SE,1
20180713,4139,SE,2
20180714,4139,SE,5
20180715,4139,SE,9
20180716,4139,SE,7
20180717,4139,SE,2
20180718,4139,SE,6
20180719,4139,SE,3
20180721,4139,SE,1
20180722,4139,SE,3
20180723,4139,SE,3
20180724,4139,SE,5
20180729,4139,SE,3
20180730,4139,SE,2
20180731,4139,SE,2
20180801,4139,SE,1
20180802,4139,SE,1
20180803,4139,SE,2
20180804,4139,SE,1
20180806,4139,SE,3
20180808,4139,SE,3
20180809,4139,SE,2
20180811,4139,SE,2
20180814,4139,SE,2
20180815,4139,SE,2
20180816,4139,SE,3
20180817,4139,SE,1
20180818,4139,SE,1
20180819,4139,SE,2
20180820,4139,SE,1
20180821,4139,SE,1
20180822,4139,SE,3
20180823,4139,SE,1
20180824,4139,SE,1
20180826,4139,SE,2
20180827,4139,SE,1
20180828,4139,SE,1
20180830,4139,SE,1
20180902,4139,SE,2
20180904,4139,SE,1
20180907,4139,SE,1
20180909,4139,SE,2
20180910,4139,SE,4
20180911,4139,SE,3
20180912,4139,SE,1
20180913,4139,SE,3
20180915,4139,SE,1
20180916,4139,SE,2
20180917,4139,SE,1
20180921,4139,SE,1
20180922,4139,SE,2
20180923,4139,SE,1
20180926,4139,SE,2
20180928,4139,SE,1
20181001,4139,SE,1
20181004,4139,SE,1
20181006,4139,SE,2
20181007,4139,SE,5
20181010,4139,SE,4
20181011,4139,SE,1
20181013,4139,SE,2
20181014,4139,SE,2
20181016,4139,SE,2
20181017,4139,SE,1
20181018,4139,SE,3
20181019,4139,SE,4
20181020,4139,SE,4
20181021,4139,SE,7
20181023,4139,SE,4
20181024,4139,SE,2
20181025,4139,SE,2
20181029,4139,SE,1
20181031,4139,SE,2
20181103,4139,SE,1
20181105,4139,SE,1
20181106,4139,SE,1
20181108,4139,SE,1
20181112,4139,SE,1
20181113,4139,SE,1
20181114,4139,SE,1
20181117,4139,SE,5
20181118,4139,SE,1
20181119,4139,SE,1
20181120,4139,SE,3
20181121,4139,SE,1
20181122,4139,SE,1
20181123,4139,SE,6
20181124,4139,SE,2
20181125,4139,SE,2
20181126,4139,SE,4
20181127,4139,SE,1
20181128,4139,SE,1
20181129,4139,SE,1
20181201,4139,SE,2
20181202,4139,SE,1
20181203,4139,SE,1
20181205,4139,SE,1
20181206,4139,SE,1
20181209,4139,SE,2
20181210,4139,SE,1
20181213,4139,SE,1
20181214,4139,SE,1
20181215,4139,SE,1
20181217,4139,SE,2
20181218,4139,SE,1
20181220,4139,SE,1
20181225,4139,SE,1
20181227,4139,SE,2
20190102,4139,SE,1
20190103,4139,SE,2
20190104,4139,SE,1
20190105,4139,SE,1
20190106,4139,SE,1
20190107,4139,SE,2
20190108,4139,SE,3
20190109,4139,SE,4
20190110,4139,SE,2
20190113,4139,SE,2
20190114,4139,SE,2
20190115,4139,SE,1
20190116,4139,SE,1
20190118,4139,SE,1
20190119,4139,SE,2
20190120,4139,SE,1
20190121,4139,SE,1
20190122,4139,SE,1
20190123,4139,SE,3
20190124,4139,SE,2
20190125,4139,SE,2
20190126,4139,SE,4
20190127,4139,SE,1
20190128,4139,SE,3
20190129,4139,SE,3
20190130,4139,SE,1
20190131,4139,SE,2
20190201,4139,SE,1
20190203,4139,SE,2
20190205,4139,SE,2
20190206,4139,SE,3
20190207,4139,SE,1
20190208,4139,SE,4
20190210,4139,SE,3
20190211,4139,SE,2
20190212,4139,SE,2
20170104,5972,SE,1
20170105,5972,SE,1
20170106,5972,SE,1
20170108,5972,SE,2
20170109,5972,SE,1
20170111,5972,SE,1
20170120,5972,SE,2
20170121,5972,SE,1
20170122,5972,SE,1
20170125,5972,SE,1
20170127,5972,SE,2
20170128,5972,SE,1
20170129,5972,SE,1
20170131,5972,SE,1
20170204,5972,SE,1
20170206,5972,SE,1
20170210,5972,SE,1
20170213,5972,SE,1
20170301,5972,SE,1
20170309,5972,SE,1
20170316,5972,SE,1
20170318,5972,SE,1
20170319,5972,SE,1
20170322,5972,SE,1
20170409,5972,SE,1
20170420,5972,SE,1
20170421,5972,SE,1
20170517,5972,SE,1
20170520,5972,SE,1
20170525,5972,SE,2
20170526,5972,SE,1
20170530,5972,SE,4
20170531,5972,SE,2
20170601,5972,SE,1
20170603,5972,SE,1
20170604,5972,SE,1
20170605,5972,SE,2
20170606,5972,SE,3
20170613,5972,SE,4
20170616,5972,SE,1
20170618,5972,SE,1
20170619,5972,SE,4
20170620,5972,SE,1
20170624,5972,SE,1
20170625,5972,SE,1
20170707,5972,SE,1
20170710,5972,SE,1
20170712,5972,SE,1
20170720,5972,SE,1
20170723,5972,SE,1
20170725,5972,SE,1
20170730,5972,SE,1
20170804,5972,SE,1
20170805,5972,SE,1
20170809,5972,SE,1
20170811,5972,SE,2
20170814,5972,SE,2
20170820,5972,SE,1
20170823,5972,SE,1
20170826,5972,SE,1
20170830,5972,SE,1
20170905,5972,SE,2
20170909,5972,SE,1
20170911,5972,SE,2
20170923,5972,SE,2
20170930,5972,SE,1
20171001,5972,SE,1
20171002,5972,SE,1
20171009,5972,SE,1
20171011,5972,SE,1
20171019,5972,SE,1
20171020,5972,SE,2
20171026,5972,SE,1
20171028,5972,SE,2
20171031,5972,SE,2
20171110,5972,SE,1
20171111,5972,SE,1
20171122,5972,SE,1
20171127,5972,SE,1
20171128,5972,SE,1
20171129,5972,SE,1
20171204,5972,SE,1
20171219,5972,SE,2
20171226,5972,SE,1
20180102,5972,SE,2
20180104,5972,SE,1
20180115,5972,SE,1
20180124,5972,SE,1
20180128,5972,SE,1
20180129,5972,SE,1
20180211,5972,SE,1
20180216,5972,SE,1
20180219,5972,SE,1
20180222,5972,SE,1
20180223,5972,SE,1
20180303,5972,SE,1
20180306,5972,SE,1
20180309,5972,SE,1
20180313,5972,SE,1
20180315,5972,SE,1
20180317,5972,SE,1
20180318,5972,SE,1
20180319,5972,SE,1
20180322,5972,SE,1
20180323,5972,SE,1
20180325,5972,SE,1
20180327,5972,SE,2
20180328,5972,SE,1
20180329,5972,SE,1
20180402,5972,SE,1
20180404,5972,SE,2
20180406,5972,SE,1
20180407,5972,SE,1
20180408,5972,SE,2
20180409,5972,SE,1
20180411,5972,SE,1
20180413,5972,SE,1
20180414,5972,SE,1
20180415,5972,SE,2
20180416,5972,SE,1
20180417,5972,SE,1
20180418,5972,SE,2
20180420,5972,SE,1
20180421,5972,SE,2
20180422,5972,SE,1
20180427,5972,SE,1
20180429,5972,SE,1
20180430,5972,SE,1
20180502,5972,SE,2
20180503,5972,SE,2
20180505,5972,SE,1
20180506,5972,SE,2
20180507,5972,SE,1
20180508,5972,SE,2
20180510,5972,SE,1
20180511,5972,SE,3
20180512,5972,SE,1
20180513,5972,SE,5
20180514,5972,SE,2
20180515,5972,SE,2
20180516,5972,SE,2
20180517,5972,SE,2
20180518,5972,SE,3
20180519,5972,SE,5
20180520,5972,SE,2
20180521,5972,SE,2
20180522,5972,SE,3
20180523,5972,SE,2
20180524,5972,SE,3
20180525,5972,SE,3
20180527,5972,SE,4
20180528,5972,SE,2
20180529,5972,SE,2
20180530,5972,SE,3
20180531,5972,SE,4
20180601,5972,SE,1
20180603,5972,SE,2
20180605,5972,SE,4
20180607,5972,SE,1
20180608,5972,SE,1
20180610,5972,SE,4
20180612,5972,SE,1
20180613,5972,SE,2
20180615,5972,SE,1
20180616,5972,SE,1
20180617,5972,SE,3
20180618,5972,SE,2
20180624,5972,SE,1
20180626,5972,SE,3
20180627,5972,SE,3
20180629,5972,SE,1
20180630,5972,SE,2
20180701,5972,SE,2
20180704,5972,SE,1
20180706,5972,SE,1
20180710,5972,SE,2
20180713,5972,SE,3
20180717,5972,SE,1
20180718,5972,SE,1
20180720,5972,SE,2
20180721,5972,SE,1
20180724,5972,SE,1
20180726,5972,SE,1
20180728,5972,SE,1
20180729,5972,SE,1
20180730,5972,SE,2
20180801,5972,SE,1
20180805,5972,SE,2
20180806,5972,SE,4
20180809,5972,SE,3
20180810,5972,SE,2
20180812,5972,SE,1
20180813,5972,SE,1
20180815,5972,SE,3
20180820,5972,SE,1
20180823,5972,SE,1
20180824,5972,SE,1
20180825,5972,SE,1
20180827,5972,SE,1
20180829,5972,SE,2
20180830,5972,SE,1
20180906,5972,SE,1
20180907,5972,SE,1
20180918,5972,SE,1
20180919,5972,SE,1
20180920,5972,SE,1
20180921,5972,SE,1
20180923,5972,SE,2
20180924,5972,SE,1
20180925,5972,SE,1
20180928,5972,SE,1
20180930,5972,SE,1
20181001,5972,SE,1
20181003,5972,SE,1
20181010,5972,SE,1
20181012,5972,SE,1
20181019,5972,SE,1
20181020,5972,SE,2
20181023,5972,SE,2
20181028,5972,SE,1
20181029,5972,SE,1
20181030,5972,SE,1
20181102,5972,SE,2
20181107,5972,SE,1
20181122,5972,SE,1
20181126,5972,SE,1
20181130,5972,SE,1
20181211,5972,SE,1
20190101,5972,SE,3
20190120,5972,SE,1
20190123,5972,SE,1
20190130,5972,SE,1
